"special_issue","num_papers","flags","prop_flag","deadline","latest_sub","rt_sum_vector2","d_over_deadline"
"https://www.mdpi.com/journal/agronomy/special_issues/residue_bioactive_crop",6,0,0,2024-03-15,2024-02-13,"0,0,0,0,0,0",31
"https://www.mdpi.com/journal/agronomy/special_issues/Nematodes-Crops",12,6,0.5,2023-07-20,2023-05-24,"6,6",57
"https://www.mdpi.com/journal/agronomy/special_issues/farmland_remediation",5,0,0,2023-11-25,2023-11-28,"0,0",-3
"https://www.mdpi.com/journal/agronomy/special_issues/plant_weed_allelopathy",9,3,0.333,2021-12-10,2021-12-31,"0,0,0,0,3,3",-21
"https://www.mdpi.com/journal/agronomy/special_issues/DFA55E8S0E",15,1,0.067,2023-09-30,2023-11-11,"1,1",-42
"https://www.mdpi.com/journal/agronomy/special_issues/6PKO606HRU",5,1,0.2,2024-05-31,2024-04-03,"0,0,1,1,0,0",58
"https://www.mdpi.com/journal/agronomy/special_issues/Potential-Strategies",8,2,0.25,2023-06-15,2023-02-02,"2,2,2,2",133
"https://www.mdpi.com/journal/agronomy/special_issues/Remediation_Soil",13,5,0.385,2020-07-31,2020-10-06,"5,5,5,5",-67
"https://www.mdpi.com/journal/agronomy/special_issues/Livestock_Forage",12,4,0.333,2022-10-25,2022-10-24,"4,4,0,0",1
"https://www.mdpi.com/journal/agronomy/special_issues/Molecular_Genetics_Genomics_Biotechnology_Crop_Plants_Breeding",13,0,0,2019-06-30,2019-06-30,"0,0",0
"https://www.mdpi.com/journal/agronomy/special_issues/WSBH0CJ195",5,1,0.2,2024-05-30,2024-05-06,"0,0,0,0,1,1",24
"https://www.mdpi.com/journal/agronomy/special_issues/environmentally_economically_phosphorus_agriculture",12,1,0.083,2021-09-30,2021-09-27,"1,1",3
"https://www.mdpi.com/journal/agronomy/special_issues/4O761R3Q69",8,2,0.25,2024-05-20,2024-05-16,"1,1,1,1,1,1",4
"https://www.mdpi.com/journal/agronomy/special_issues/extension_soil_fertility",11,3,0.273,2022-09-29,2022-08-23,"0,0,1,1,2,2,0,0",37
"https://www.mdpi.com/journal/agronomy/special_issues/Pesticide_Residues_Nutritional",12,2,0.167,2023-05-30,2023-03-08,"2,2,0,0",83
"https://www.mdpi.com/journal/agronomy/special_issues/crop_pathogens_genetics",6,1,0.167,2024-01-25,2024-01-11,"1,1",14
"https://www.mdpi.com/journal/agronomy/special_issues/77H3BS6964",13,1,0.077,2023-12-25,2023-12-03,"0,0,1,1",22
"https://www.mdpi.com/journal/agronomy/special_issues/soilless_substrate",8,1,0.125,2021-07-15,2021-06-07,"0,0,1,1,0,0",38
"https://www.mdpi.com/journal/agronomy/special_issues/greenhouse_technology",10,0,0,2020-12-31,2020-12-15,"0,0",16
"https://www.mdpi.com/journal/agronomy/special_issues/biotic_stress_crops",11,1,0.091,2023-01-31,2023-01-13,"0,0,1,1",18
"https://www.mdpi.com/journal/agronomy/special_issues/nanotechnologies_fertilization_plant_protection",10,0,0,2022-07-20,2022-03-23,"0,0",119
"https://www.mdpi.com/journal/agronomy/special_issues/plant_based_solutions",8,3,0.375,2021-12-31,2022-01-01,"3,3",-1
"https://www.mdpi.com/journal/agronomy/special_issues/Maximizing_Crop_Yield_Resource_Use_Efficiency",6,1,0.167,2023-01-25,2022-11-12,"1,1",74
"https://www.mdpi.com/journal/agronomy/special_issues/biostimulants_bioeffectors_crop",11,1,0.091,2021-01-15,2021-01-21,"1,1",-6
"https://www.mdpi.com/journal/agronomy/special_issues/forage_growth_livestock_grazing",11,2,0.182,2022-12-31,2022-07-13,"2,2,0,0,0,0",171
"https://www.mdpi.com/journal/agronomy/special_issues/Arbuscular_Mycorrhizal",6,1,0.167,2023-02-15,2023-03-29,"1,1,0,0,0,0",-42
"https://www.mdpi.com/journal/agronomy/special_issues/weed_management_annual_perennial_cropping_system",5,1,0.2,2019-05-31,2019-09-16,"0,0,1,1",-108
"https://www.mdpi.com/journal/agronomy/special_issues/postharvest_vegetable_fruit_series_II",7,2,0.286,2022-06-30,2022-03-01,"1,1,0,0,1,1",121
"https://www.mdpi.com/journal/agronomy/special_issues/breeding_rights",18,3,0.167,2021-09-15,2021-09-17,"2,2,2,2",-2
"https://www.mdpi.com/journal/agronomy/special_issues/cultivation_fruit_crop_nutritional",8,3,0.375,2022-06-10,2022-05-19,"3,3",22
"https://www.mdpi.com/journal/agronomy/special_issues/H8766465L8",1,1,1,2024-06-30,2023-11-22,"1,1",221
"https://www.mdpi.com/journal/agronomy/special_issues/Humic-Fertilizer",12,2,0.167,2021-04-30,2021-06-30,"2,2",-61
"https://www.mdpi.com/journal/agronomy/special_issues/satellite_imagery_agriculture",9,1,0.111,2023-05-31,2023-08-07,"1,1,0,0",-68
"https://www.mdpi.com/journal/agronomy/special_issues/fruit_nut_tree_phenology",6,2,0.333,2020-03-01,2020-02-24,"2,2",6
"https://www.mdpi.com/journal/agronomy/special_issues/Crops_Abiotic_Stresses",8,2,0.25,2023-05-15,2023-05-22,"2,2",-7
"https://www.mdpi.com/journal/agronomy/special_issues/agricultural_water_management",10,1,0.1,2019-03-15,2019-06-25,"1,1",-102
"https://www.mdpi.com/journal/agronomy/special_issues/Crop_Modelling",7,0,0,2023-02-15,2023-04-11,"0,0",-55
"https://www.mdpi.com/journal/agronomy/special_issues/Seed_Dormancy_Germination",12,3,0.25,2021-05-03,2021-10-26,"3,3,2,2",-176
"https://www.mdpi.com/journal/agronomy/special_issues/UJ9L0Z9U5E",NA,NA,NA,NA,NA,NA,NA
"https://www.mdpi.com/journal/agronomy/special_issues/cropmonitoring_cropprecision",9,3,0.333,2022-07-25,2022-08-10,"2,2,1,1,0,0",-16
"https://www.mdpi.com/journal/agronomy/special_issues/HR1I1CAO06",5,0,0,2023-08-31,2023-08-01,"0,0",30
"https://www.mdpi.com/journal/agronomy/special_issues/in_vitro-based_systems",8,1,0.125,2022-06-30,2022-06-30,"0,0,1,1",0
"https://www.mdpi.com/journal/agronomy/special_issues/5HCSK5VU5J",6,0,0,2024-04-20,2024-04-27,"0,0",-7
"https://www.mdpi.com/journal/agronomy/special_issues/soil_ecosystem",6,0,0,2022-10-31,2022-11-28,"0,0,0,0,0,0",-28
"https://www.mdpi.com/journal/agronomy/special_issues/germplasm_exploitation_product_innovation",10,4,0.4,2020-12-20,2020-12-05,"4,4",15
"https://www.mdpi.com/journal/agronomy/special_issues/CF6VB52OUN",6,1,0.167,2024-03-31,2024-02-05,"1,1,1,1",55
"https://www.mdpi.com/journal/agronomy/special_issues/YC0Y9JTJX6",8,3,0.375,2023-12-31,2023-06-29,"2,2,2,2,0,0,1,1",185
"https://www.mdpi.com/journal/agronomy/special_issues/Invasive_Plants_Management",5,1,0.2,2019-10-31,2019-07-18,"1,1",105
"https://www.mdpi.com/journal/agronomy/special_issues/Global_Urban_Agriculture",6,2,0.333,2022-01-15,2022-01-14,"1,1,1,1",1
"https://www.mdpi.com/journal/agronomy/special_issues/Agronomic_Traits",21,3,0.143,2022-07-31,2022-09-17,"0,0,2,2,0,0,1,1",-48
"https://www.mdpi.com/journal/agronomy/special_issues/climate_conservation_agriculture",9,4,0.444,2021-09-30,2022-05-09,"0,0,3,3,0,0,0,0,1,1,0,0",-221
"https://www.mdpi.com/journal/agronomy/special_issues/grasslands_sustainable",7,0,0,2022-02-10,2022-02-10,"0,0",0
"https://www.mdpi.com/journal/agronomy/special_issues/citrus_production_protection",12,0,0,2021-11-15,2022-01-13,"0,0,0,0,0,0",-59
"https://www.mdpi.com/journal/agronomy/special_issues/62DPTCJSGD",9,4,0.444,2023-12-31,2023-12-31,"1,1,2,2,2,2,1,1",0
"https://www.mdpi.com/journal/agronomy/special_issues/Resilience_soils",11,0,0,2022-09-01,2022-09-27,"0,0",-26
"https://www.mdpi.com/journal/agronomy/special_issues/Mineral_Nutrition_Stress",10,0,0,2021-12-15,2021-12-15,"0,0,0,0",0
"https://www.mdpi.com/journal/agronomy/special_issues/berry_production_protection",9,0,0,2018-12-31,2019-04-18,"0,0",-108
"https://www.mdpi.com/journal/agronomy/special_issues/Smart_Agriculture_Technology",20,6,0.3,2023-04-30,2023-06-01,"6,6,1,1,0,0",-32
"https://www.mdpi.com/journal/agronomy/special_issues/32542ZAUBY",NA,NA,NA,NA,NA,NA,NA
"https://www.mdpi.com/journal/agronomy/special_issues/lamiaceae_family_species",11,2,0.182,2024-01-25,2024-01-24,"2,2",1
"https://www.mdpi.com/journal/agronomy/special_issues/multi_forages",10,2,0.2,2021-09-30,2021-12-15,"0,0,2,2",-76
"https://www.mdpi.com/journal/agronomy/special_issues/grassland_productivity",14,4,0.286,2023-04-30,2023-07-24,"4,4",-85
"https://www.mdpi.com/journal/agronomy/special_issues/epidemiology_crop",10,1,0.1,2022-12-30,2023-02-13,"1,1",-45
"https://www.mdpi.com/journal/agronomy/special_issues/JB7HHZ6B4W",2,0,0,2024-05-25,2024-02-09,"0,0",106
"https://www.mdpi.com/journal/agronomy/special_issues/Wheat-Breeding",7,0,0,2020-12-31,2021-02-22,"0,0",-53
"https://www.mdpi.com/journal/agronomy/special_issues/Orchards_Nutrient_Management",9,1,0.111,2023-02-28,2023-02-28,"1,1",0
"https://www.mdpi.com/journal/agronomy/special_issues/fruit_foliar_diseases",5,1,0.2,2023-02-28,2022-11-09,"1,1",111
"https://www.mdpi.com/journal/agronomy/special_issues/S70BHD8E5H",17,0,0,2023-12-31,2023-11-19,"0,0,0,0",42
"https://www.mdpi.com/journal/agronomy/special_issues/Economy_Sociology_Sustainable_Agriculture",26,3,0.115,2023-10-31,2023-10-24,"2,2,2,2",7
"https://www.mdpi.com/journal/agronomy/special_issues/fertigation_crop",16,10,0.625,2021-03-10,2021-04-23,"10,10,0,0,2,2",-44
"https://www.mdpi.com/journal/agronomy/special_issues/Forage_Grain",11,3,0.273,2023-03-31,2022-11-30,"0,0,3,3",121
"https://www.mdpi.com/journal/agronomy/special_issues/U2DAMXO1EH",1,0,0,2024-05-25,2023-06-13,"0,0,0,0,0,0",347
"https://www.mdpi.com/journal/agronomy/special_issues/cereal_rust_management",7,0,0,2020-06-30,2020-10-08,"0,0",-100
"https://www.mdpi.com/journal/agronomy/special_issues/soil_microbiome_agriculture_management",8,0,0,2022-10-31,2022-10-28,"0,0",3
"https://www.mdpi.com/journal/agronomy/special_issues/quality_sensory",11,2,0.182,2023-09-30,2023-06-08,"1,1,2,2",114
"https://www.mdpi.com/journal/agronomy/special_issues/plant_mineral_nutrition",7,1,0.143,2018-12-31,2019-02-11,"1,1",-42
"https://www.mdpi.com/journal/agronomy/special_issues/sustainable-crop-production",11,0,0,2012-10-01,2013-01-28,"0,0",-119
"https://www.mdpi.com/journal/agronomy/special_issues/plant_water",19,0,0,2020-12-31,2020-12-22,"0,0,0,0",9
"https://www.mdpi.com/journal/agronomy/special_issues/Estimation_Fruit_Qual_Quan",8,3,0.375,2021-03-31,2021-07-27,"3,3",-118
"https://www.mdpi.com/journal/agronomy/special_issues/Plants_Phytochemicals",5,2,0.4,2022-01-20,2021-08-31,"2,2,1,1",142
"https://www.mdpi.com/journal/agronomy/special_issues/abiotic_stress_control_horticultural",8,0,0,2020-11-30,2020-12-11,"0,0,0,0,0,0",-11
"https://www.mdpi.com/journal/agronomy/special_issues/adaptable_plants_karst",15,7,0.467,2023-03-31,2023-06-05,"7,7",-66
"https://www.mdpi.com/journal/agronomy/special_issues/Light_Temperature_Crops",5,1,0.2,2020-08-20,2021-02-22,"1,1",-186
"https://www.mdpi.com/journal/agronomy/special_issues/soil_plant_mineral",6,2,0.333,2021-06-15,2021-06-20,"2,2",-5
"https://www.mdpi.com/journal/agronomy/special_issues/crops_metabolism",11,1,0.091,2019-05-01,2020-11-25,"1,1",-574
"https://www.mdpi.com/journal/agronomy/special_issues/Sorghum_Abiotic_Heterosis",5,1,0.2,2019-09-30,2019-12-03,"1,1,0,0",-64
"https://www.mdpi.com/journal/agronomy/special_issues/bioenergy_crop_current_status_future_prospects",13,2,0.154,2020-07-31,2020-08-18,"2,2,0,0",-18
"https://www.mdpi.com/journal/agronomy/special_issues/decision_support_agri-food_supply_chain",5,1,0.2,2021-10-22,2021-12-07,"1,1,0,0",-46
"https://www.mdpi.com/journal/agronomy/special_issues/Molecular_Ceceal",5,1,0.2,2021-03-15,2021-05-08,"1,1,1,1",-54
"https://www.mdpi.com/journal/agronomy/special_issues/352QHVBAW8",5,2,0.4,2023-12-31,2023-08-30,"2,2,0,0",123
"https://www.mdpi.com/journal/agronomy/special_issues/Fertilization-Cropping",10,0,0,2020-12-15,2020-12-15,"0,0",0
"https://www.mdpi.com/journal/agronomy/special_issues/5555T079O0",5,1,0.2,2024-05-31,2024-05-29,"1,1,0,0",2
"https://www.mdpi.com/journal/agronomy/special_issues/SoilMonitoring_Mapping",5,3,0.6,2022-04-15,2022-05-13,"1,1,1,1,2,2,0,0",-28
"https://www.mdpi.com/journal/agronomy/special_issues/Plant_Tissue",5,1,0.2,2024-06-30,2024-03-01,"1,1",121
"https://www.mdpi.com/journal/agronomy/special_issues/forage_silage_sustainable_agricultural_production",8,1,0.125,2020-11-20,2020-12-04,"1,1",-14
"https://www.mdpi.com/journal/agronomy/special_issues/germplasm_genetic_diversity",32,1,0.031,2020-10-10,2020-11-24,"1,1,0,0",-45
"https://www.mdpi.com/journal/agronomy/special_issues/16GN8CA37P",1,0,0,2024-03-31,2024-03-28,"0,0",3
"https://www.mdpi.com/journal/agronomy/special_issues/agricultural_waste_management",7,1,0.143,2023-11-30,2023-11-30,"0,0,1,1",0
"https://www.mdpi.com/journal/agronomy/special_issues/seed_germination_and_quality",6,1,0.167,2022-06-30,2022-07-14,"0,0,1,1",-14
"https://www.mdpi.com/journal/agronomy/special_issues/0A5LN197MM",9,4,0.444,2024-03-31,2024-04-23,"4,4,2,2",-23
"https://www.mdpi.com/journal/agronomy/special_issues/Ecologically_Weed_Management",9,0,0,2019-12-31,2019-12-31,"0,0",0
"https://www.mdpi.com/journal/agronomy/special_issues/Z4DOJOC528",6,0,0,2023-02-25,2023-02-08,"0,0",17
"https://www.mdpi.com/journal/agronomy/special_issues/rodents_crop",8,0,0,2022-05-15,2022-07-20,"0,0",-66
"https://www.mdpi.com/journal/agronomy/special_issues/soilless_systems",14,3,0.214,2022-02-28,2022-02-10,"0,0,2,2,1,1",18
"https://www.mdpi.com/journal/agronomy/special_issues/environmental_stimulus",13,2,0.154,2022-05-15,2022-04-22,"2,2",23
"https://www.mdpi.com/journal/agronomy/special_issues/optimal_water_management",14,0,0,2022-09-28,2022-09-13,"0,0,0,0",15
"https://www.mdpi.com/journal/agronomy/special_issues/agrivoltaic_challenges",5,1,0.2,2023-03-15,2022-12-17,"1,1",88
"https://www.mdpi.com/journal/agronomy/special_issues/agro_Industrial",13,2,0.154,2023-04-30,2023-04-20,"0,0,2,2",10
"https://www.mdpi.com/journal/agronomy/special_issues/weeds-herbicides",11,0,0,2021-01-15,2021-06-07,"0,0",-143
"https://www.mdpi.com/journal/agronomy/special_issues/82XRH13570",5,2,0.4,2024-04-30,2024-04-30,"2,2,1,1",0
"https://www.mdpi.com/journal/agronomy/special_issues/680326O5U5",12,2,0.167,2024-03-20,2024-03-28,"0,0,2,2",-8
"https://www.mdpi.com/journal/agronomy/special_issues/weeds_herbicide",20,3,0.15,2022-09-28,2022-11-28,"3,3",-61
"https://www.mdpi.com/journal/agronomy/special_issues/COVID-19_agri-food_agriculture",15,2,0.133,2023-02-28,2022-07-20,"2,2",223
"https://www.mdpi.com/journal/agronomy/special_issues/environmental_sustainability_crop_livestock_systems",11,3,0.273,2020-07-15,2020-11-13,"2,2,3,3",-121
"https://www.mdpi.com/journal/agronomy/special_issues/IECAG2021",8,1,0.125,2022-03-25,2022-03-25,"1,1",0
"https://www.mdpi.com/journal/agronomy/special_issues/weeds_sustainable_agriculture",13,2,0.154,2021-01-31,2021-08-12,"2,2,0,0,1,1",-193
"https://www.mdpi.com/journal/agronomy/special_issues/1V22SJQIS9",NA,NA,NA,NA,NA,NA,NA
"https://www.mdpi.com/journal/agronomy/special_issues/SBCMXE8235",24,2,0.083,2023-09-30,2023-10-26,"2,2,2,2",-26
"https://www.mdpi.com/journal/agronomy/special_issues/biotic_abiotic_factors_plant_growth_nutritional_value",7,4,0.571,2021-12-30,2021-08-17,"0,0,4,4",135
"https://www.mdpi.com/journal/agronomy/special_issues/Fusarium-Wheat",10,3,0.3,2023-02-17,2023-03-09,"2,2,1,1",-20
"https://www.mdpi.com/journal/agronomy/special_issues/Farming_Harmony",6,1,0.167,2023-08-31,2023-09-06,"1,1,0,0",-6
"https://www.mdpi.com/journal/agronomy/special_issues/tillage_soil",7,0,0,2022-10-31,2023-09-11,"0,0,0,0",-315
"https://www.mdpi.com/journal/agronomy/special_issues/climate_equipment_agricultural_buildings",7,4,0.571,2021-04-30,2021-02-25,"4,4",64
"https://www.mdpi.com/journal/agronomy/special_issues/strawberry_production",13,3,0.231,2021-07-31,2021-09-07,"3,3,0,0",-38
"https://www.mdpi.com/journal/agronomy/special_issues/climate_grassland_biodiversity",8,1,0.125,2020-12-31,2020-12-21,"1,1,1,1",10
"https://www.mdpi.com/journal/agronomy/special_issues/RB3LVC50NW",6,2,0.333,2023-08-31,2023-08-29,"2,2,0,0,0,0",2
"https://www.mdpi.com/journal/agronomy/special_issues/29Q57CSGR4",6,1,0.167,2023-12-15,2023-04-12,"1,1",247
"https://www.mdpi.com/journal/agronomy/special_issues/Contaminated_Soil_Phytoremediation",5,0,0,2021-12-31,2021-09-16,"0,0,0,0",106
"https://www.mdpi.com/journal/agronomy/special_issues/E558N658A2",5,2,0.4,2024-03-30,2023-10-31,"2,2",151
"https://www.mdpi.com/journal/agronomy/special_issues/GI2Y6AZP1E",13,1,0.077,2023-05-31,2023-07-03,"1,1,0,0,0,0",-33
"https://www.mdpi.com/journal/agronomy/special_issues/1WXY00R002",5,0,0,2023-12-31,2024-01-05,"0,0,0,0",-5
"https://www.mdpi.com/journal/agronomy/special_issues/wild_relatives_genetic_breeding",21,1,0.048,2021-06-20,2021-06-22,"1,1",-2
"https://www.mdpi.com/journal/agronomy/special_issues/D96HU2G6C4",5,4,0.8,2023-11-30,2023-09-04,"1,1,2,2,0,0,1,1",87
"https://www.mdpi.com/journal/agronomy/special_issues/horticultural_abioticstress",6,3,0.5,2022-11-15,2022-09-10,"3,3,0,0",66
"https://www.mdpi.com/journal/agronomy/special_issues/Fruit_Preharvest_Postharvest",7,1,0.143,2023-01-31,2023-03-27,"1,1,0,0",-55
"https://www.mdpi.com/journal/agronomy/special_issues/82B0OHMH08",8,2,0.25,2024-06-30,2024-02-14,"2,2",137
"https://www.mdpi.com/journal/agronomy/special_issues/crop_nutritional_molecular",5,1,0.2,2023-01-25,2022-09-27,"1,1",120
"https://www.mdpi.com/journal/agronomy/special_issues/pest_diease_agroforestry",7,3,0.429,2023-03-15,2022-08-15,"2,2,0,0,1,1,2,2",212
"https://www.mdpi.com/journal/agronomy/special_issues/citrus_breeding_management",8,4,0.5,2021-10-31,2021-10-31,"1,1,2,2,1,1",0
"https://www.mdpi.com/journal/agronomy/special_issues/interactions_pests",6,0,0,2022-02-20,2022-03-19,"0,0,0,0,0,0",-27
"https://www.mdpi.com/journal/agronomy/special_issues/VW946R4556",8,0,0,2024-06-30,2024-06-01,"0,0",29
"https://www.mdpi.com/journal/agronomy/special_issues/biomass_production",14,2,0.143,2022-05-31,2022-07-06,"2,2",-36
"https://www.mdpi.com/journal/agronomy/special_issues/Fruit_Vegetable_Postharvest",12,1,0.083,2022-10-20,2022-02-20,"1,1",242
"https://www.mdpi.com/journal/agronomy/special_issues/B64AH72C72",8,2,0.25,2024-03-31,2024-04-27,"2,2,2,2,2,2",-27
"https://www.mdpi.com/journal/agronomy/special_issues/remote_sensing_field",13,0,0,2021-08-31,2021-12-27,"0,0",-118
"https://www.mdpi.com/journal/agronomy/special_issues/information-precision-crop-protection",11,7,0.636,2019-08-31,2019-08-31,"5,5,2,2",0
"https://www.mdpi.com/journal/agronomy/special_issues/smart_fertilizers_sustainable-agricultural",11,2,0.182,2021-01-20,2021-01-20,"0,0,2,2,0,0",0
"https://www.mdpi.com/journal/agronomy/special_issues/10th_Iberian_Agroengineering_Congress",27,7,0.259,2019-11-25,2020-01-13,"7,7,0,0,2,2",-49
"https://www.mdpi.com/journal/agronomy/special_issues/root_soil_interactions",12,0,0,2019-02-10,2019-04-17,"0,0,0,0",-66
"https://www.mdpi.com/journal/agronomy/special_issues/Crop_Mineral_Nutrition",9,0,0,2020-12-31,2020-12-30,"0,0,0,0",1
"https://www.mdpi.com/journal/agronomy/special_issues/I74G3FAW33",12,1,0.083,2023-06-30,2023-06-14,"1,1",16
"https://www.mdpi.com/journal/agronomy/special_issues/Horticultural_Crop_Production_Sustainability",8,1,0.125,2022-05-31,2022-03-28,"1,1,1,1",64
"https://www.mdpi.com/journal/agronomy/special_issues/evolution_agricultural_sustainability",16,4,0.25,2023-09-30,2023-10-08,"4,4,0,0,0,0",-8
"https://www.mdpi.com/journal/agronomy/special_issues/water_saving",33,0,0,2023-12-31,2023-12-15,"0,0",16
"https://www.mdpi.com/journal/agronomy/special_issues/Decision_Making_Systems",6,0,0,2020-12-31,2020-12-03,"0,0,0,0",28
"https://www.mdpi.com/journal/agronomy/special_issues/Agricultural_Revolution",14,1,0.071,2023-02-28,2023-02-07,"0,0,0,0,1,1",21
"https://www.mdpi.com/journal/agronomy/special_issues/technology_circular_bio-economy",5,0,0,2021-09-01,2021-08-31,"0,0,0,0,0,0",1
"https://www.mdpi.com/journal/agronomy/special_issues/genetic_resources_emerging_omics",5,0,0,2013-10-01,2013-11-15,"0,0,0,0",-45
"https://www.mdpi.com/journal/agronomy/special_issues/climate_change_food_security",7,0,0,2020-11-30,2020-10-20,"0,0",41
"https://www.mdpi.com/journal/agronomy/special_issues/Vascular_Diseases",8,7,0.875,2021-02-28,2023-02-02,"4,4,4,4,2,2",-704
"https://www.mdpi.com/journal/agronomy/special_issues/remote_sensing_agricultural_monitoring",11,2,0.182,2020-04-30,2020-06-02,"2,2,0,0,0,0",-33
"https://www.mdpi.com/journal/agronomy/special_issues/Weed_Germination",8,3,0.375,2022-08-15,2022-08-15,"3,3",0
"https://www.mdpi.com/journal/agronomy/special_issues/energy_saving_agriculture",5,3,0.6,2021-07-10,2021-04-16,"3,3,1,1",85
"https://www.mdpi.com/journal/agronomy/special_issues/Computer_Monitoring_Agricultural_Products",8,1,0.125,2021-10-31,2021-12-08,"0,0,0,0,1,1",-38
"https://www.mdpi.com/journal/agronomy/special_issues/water_plants",7,1,0.143,2022-10-15,2022-06-21,"0,0,1,1",116
"https://www.mdpi.com/journal/agronomy/special_issues/Breeding_Genetics_Forages",9,2,0.222,2020-07-31,2020-09-23,"2,2",-54
"https://www.mdpi.com/journal/agronomy/special_issues/crop_yield_quality",10,4,0.4,2022-11-30,2022-09-28,"4,4",63
"https://www.mdpi.com/journal/agronomy/special_issues/genetic_diversity_structure",7,0,0,2023-08-31,2023-08-22,"0,0,0,0,0,0",9
"https://www.mdpi.com/journal/agronomy/special_issues/Chemical-Weed",7,1,0.143,2020-10-15,2021-01-24,"1,1",-101
"https://www.mdpi.com/journal/agronomy/special_issues/crop_omics_genetic",10,3,0.3,2023-04-20,2023-03-21,"0,0,2,2,1,1",30
"https://www.mdpi.com/journal/agronomy/special_issues/Beneficial_Microbes_Agriculture",5,1,0.2,2020-10-25,2020-10-05,"1,1",20
"https://www.mdpi.com/journal/agronomy/special_issues/W05IO4JV57",6,1,0.167,2023-11-15,2023-12-09,"1,1",-24
"https://www.mdpi.com/journal/agronomy/special_issues/accumulation-elements",8,0,0,2015-06-30,2016-09-11,"0,0",-439
"https://www.mdpi.com/journal/agronomy/special_issues/Conservation_Agriculture_Climate",13,2,0.154,2022-05-10,2022-05-09,"2,2,0,0,1,1",1
"https://www.mdpi.com/journal/agronomy/special_issues/O88MXU3P8X",NA,NA,NA,NA,NA,NA,NA
"https://www.mdpi.com/journal/agronomy/special_issues/precision_modeling_agriculture",16,3,0.188,2023-01-31,2023-01-31,"3,3",0
"https://www.mdpi.com/journal/agronomy/special_issues/Remediation_Contaminated_Soil",11,3,0.273,2020-09-20,2020-09-10,"2,2,2,2",10
"https://www.mdpi.com/journal/agronomy/special_issues/Genomics_Melon",6,0,0,2022-04-30,2022-04-18,"0,0,0,0,0,0",12
"https://www.mdpi.com/journal/agronomy/special_issues/Bioactives-Plants",6,2,0.333,2019-02-28,2019-03-15,"2,2",-15
"https://www.mdpi.com/journal/agronomy/special_issues/LNH3Y99539",7,0,0,2024-01-31,2024-01-26,"0,0,0,0",5
"https://www.mdpi.com/journal/agronomy/special_issues/Climate-Smart_Agriculture",10,6,0.6,2022-08-20,2022-09-12,"2,2,2,2,1,1,1,1",-23
"https://www.mdpi.com/journal/agronomy/special_issues/compost_sustainable_agricultural",11,0,0,2022-06-30,2022-07-29,"0,0,0,0",-29
"https://www.mdpi.com/journal/agronomy/special_issues/grassland_npp",5,1,0.2,2021-02-20,2021-02-21,"1,1,0,0",-1
"https://www.mdpi.com/journal/agronomy/special_issues/productivity_energy_field",14,7,0.5,2023-01-31,2023-02-21,"7,7",-21
"https://www.mdpi.com/journal/agronomy/special_issues/microorganism_agriculture",11,4,0.364,2023-04-30,2023-04-29,"4,4",1
"https://www.mdpi.com/journal/agronomy/special_issues/WZXP6J3GYW",16,3,0.188,2024-04-30,2024-05-18,"3,3,0,0,0,0,0,0",-18
"https://www.mdpi.com/journal/agronomy/special_issues/Mediterranean-Agriculture",12,0,0,2023-04-10,2022-10-11,"0,0",181
"https://www.mdpi.com/journal/agronomy/special_issues/soil_quality_indexes",8,1,0.125,2021-11-10,2021-11-29,"1,1,0,0",-19
"https://www.mdpi.com/journal/agronomy/special_issues/biostimulants_and_micronutrients",17,0,0,2021-07-31,2021-07-19,"0,0,0,0",12
"https://www.mdpi.com/journal/agronomy/special_issues/cropprotection_mechanicalengineering",9,5,0.556,2023-12-31,2023-03-29,"3,3,1,1,2,2",277
"https://www.mdpi.com/journal/agronomy/special_issues/sustainability_quality_ornamental_horticulture_",8,3,0.375,2020-04-30,2020-04-30,"3,3",0
"https://www.mdpi.com/journal/agronomy/special_issues/Sustainable_Forage_Livestock",11,2,0.182,2021-12-15,2021-12-28,"2,2,2,2",-13
"https://www.mdpi.com/journal/agronomy/special_issues/Medicinal_Plants_",8,1,0.125,2023-02-28,2023-02-26,"1,1,1,1",2
"https://www.mdpi.com/journal/agronomy/special_issues/aerobic_digestion_agrowastes",10,1,0.1,2022-10-31,2023-01-04,"0,0,1,1,1,1,1,1",-65
"https://www.mdpi.com/journal/agronomy/special_issues/biological_nitrogen_fixation",7,1,0.143,2021-04-30,2021-07-08,"1,1",-69
"https://www.mdpi.com/journal/agronomy/special_issues/Vertical_Farming_Horticultural_Crop",13,2,0.154,2020-09-30,2020-10-09,"1,1,1,1",-9
"https://www.mdpi.com/journal/agronomy/special_issues/Phenotyping_Plant_Breeding",5,0,0,2018-09-20,2018-07-11,"0,0",71
"https://www.mdpi.com/journal/agronomy/special_issues/Green_Revolution",6,2,0.333,2022-12-15,2022-12-31,"2,2,2,2",-16
"https://www.mdpi.com/journal/agronomy/special_issues/cropprediction_precisionagriculture",9,1,0.111,2022-06-20,2022-03-08,"0,0,1,1",104
"https://www.mdpi.com/journal/agronomy/special_issues/Geoinformatics_Agriculture",16,4,0.25,2023-02-25,2023-02-03,"2,2,0,0,0,0,2,2",22
"https://www.mdpi.com/journal/agronomy/special_issues/Social-Ecologically",21,10,0.476,2023-09-30,2023-09-08,"9,9,0,0,1,1",22
"https://www.mdpi.com/journal/agronomy/special_issues/Model_Weed_Manag",7,3,0.429,2021-02-20,2021-03-13,"2,2,0,0,2,2",-21
"https://www.mdpi.com/journal/agronomy/special_issues/Soilless_Media_Horticultural",23,5,0.217,2020-08-25,2020-09-24,"5,5,0,0",-30
"https://www.mdpi.com/journal/agronomy/special_issues/Forage_Bioenergy_Crops",7,1,0.143,2018-08-01,2019-01-21,"1,1",-173
"https://www.mdpi.com/journal/agronomy/special_issues/HK7A1IO564",11,2,0.182,2024-06-30,2024-05-07,"2,2,0,0,0,0",54
"https://www.mdpi.com/journal/agronomy/special_issues/DYX96C47T0",NA,NA,NA,NA,NA,NA,NA
"https://www.mdpi.com/journal/agronomy/special_issues/4B7MD96UE9",5,0,0,2023-10-31,2023-10-13,"0,0",18
"https://www.mdpi.com/journal/agronomy/special_issues/crop_evapotranspiration",9,2,0.222,2018-12-31,2019-07-23,"1,1,1,1",-204
"https://www.mdpi.com/journal/agronomy/special_issues/soil_biochar_amendment",16,0,0,2019-09-15,2019-10-27,"0,0",-42
"https://www.mdpi.com/journal/agronomy/special_issues/biotic_abiotic_stress_grapevine",5,0,0,2023-02-10,2022-12-29,"0,0,0,0",43
"https://www.mdpi.com/journal/agronomy/special_issues/Plasma_Agricultural",11,5,0.455,2021-11-30,2022-01-14,"3,3,1,1,2,2,1,1",-45
"https://www.mdpi.com/journal/agronomy/special_issues/conservation_weed_management",10,1,0.1,2021-06-25,2021-06-10,"1,1",15
"https://www.mdpi.com/journal/agronomy/special_issues/YPP8MLZ560",5,0,0,2024-06-30,2024-03-15,"0,0",107
"https://www.mdpi.com/journal/agronomy/special_issues/2O23K13J3L",NA,NA,NA,NA,NA,NA,NA
"https://www.mdpi.com/journal/agronomy/special_issues/recent_advances_ornamental",8,1,0.125,2020-11-30,2020-12-22,"1,1",-22
"https://www.mdpi.com/journal/agronomy/special_issues/soilwater_covercrop",6,5,0.833,2023-01-15,2023-03-02,"0,0,5,5,0,0",-46
"https://www.mdpi.com/journal/agronomy/special_issues/Herbaceous_Field_Crops",6,1,0.167,2023-05-15,2023-04-16,"1,1,0,0",29
"https://www.mdpi.com/journal/agronomy/special_issues/crop_salinity",5,0,0,2017-04-20,2017-07-31,"0,0",-102
"https://www.mdpi.com/journal/agronomy/special_issues/crop_biomass_bioenergy_bioproducts",5,3,0.6,2021-02-20,2021-05-14,"3,3,1,1",-83
"https://www.mdpi.com/journal/agronomy/special_issues/Research_Technology_Berry",6,0,0,2020-12-31,2020-12-04,"0,0",27
"https://www.mdpi.com/journal/agronomy/special_issues/harvest_Pest",12,4,0.333,2023-12-31,2023-12-25,"4,4,4,4,1,1",6
"https://www.mdpi.com/journal/agronomy/special_issues/crop_sensing",8,0,0,2018-08-31,2018-08-22,"0,0",9
"https://www.mdpi.com/journal/agronomy/special_issues/Rice_Weeds",10,2,0.2,2021-02-10,2021-05-06,"2,2,2,2",-85
"https://www.mdpi.com/journal/agronomy/special_issues/mycorrhizal_fungi_in_sustainable_agriculture_and_land_restoration",6,0,0,2023-09-30,2023-06-30,"0,0",92
"https://www.mdpi.com/journal/agronomy/special_issues/Pest_Food_Storage",7,3,0.429,2021-05-20,2021-08-18,"2,2,2,2",-90
"https://www.mdpi.com/journal/agronomy/special_issues/O5I6E54896",5,2,0.4,2023-03-25,2023-05-26,"2,2,2,2",-62
"https://www.mdpi.com/journal/agronomy/special_issues/surface_runoff_soil_erosion",5,0,0,2020-04-30,2020-02-01,"0,0",89
"https://www.mdpi.com/journal/agronomy/special_issues/traceability_agricultural_food_products",6,2,0.333,2021-11-30,2021-10-07,"2,2,0,0",54
"https://www.mdpi.com/journal/agronomy/special_issues/Crops_Domestication",9,0,0,2022-04-14,2022-04-13,"0,0,0,0,0,0",1
"https://www.mdpi.com/journal/agronomy/special_issues/Z590Q48MG5",3,1,0.333,2024-06-30,2024-04-15,"1,1,1,1",76
"https://www.mdpi.com/journal/agronomy/special_issues/solanaceae_breeding",12,1,0.083,2024-05-31,2024-05-29,"1,1",2
"https://www.mdpi.com/journal/agronomy/special_issues/Soil-Properties",9,1,0.111,2023-01-16,2021-12-30,"1,1,1,1,1,1",382
"https://www.mdpi.com/journal/agronomy/special_issues/beneficial_microbes",6,1,0.167,2023-02-28,2023-01-19,"1,1,0,0,0,0",40
"https://www.mdpi.com/journal/agronomy/special_issues/nitrogen_fertilizer_efficiency_agriculture",9,0,0,2021-06-30,2021-08-06,"0,0",-37
"https://www.mdpi.com/journal/agronomy/special_issues/plant_biostimulants_stressful_agriculture",8,1,0.125,2022-02-10,2022-02-24,"1,1",-14
"https://www.mdpi.com/journal/agronomy/special_issues/crop_genetics",8,1,0.125,2023-02-27,2022-10-22,"0,0,1,1",128
"https://www.mdpi.com/journal/agronomy/special_issues/integrated_defense_responses_crops",12,0,0,2020-06-30,2020-07-15,"0,0,0,0",-15
"https://www.mdpi.com/journal/agronomy/special_issues/grassland_monitoring",17,14,0.824,2022-12-31,2023-01-28,"8,8,1,1,5,5,2,2",-28
"https://www.mdpi.com/journal/agronomy/special_issues/bioactive_substances_antioxidant_properties",8,4,0.5,2022-10-25,2022-08-18,"3,3,1,1",68
"https://www.mdpi.com/journal/agronomy/special_issues/OHT864QU9M",8,5,0.625,2023-11-30,2023-12-16,"5,5",-16
"https://www.mdpi.com/journal/agronomy/special_issues/fruit_and_vegetables_production_and_storage",5,1,0.2,2021-12-31,2021-12-11,"1,1,0,0",20
"https://www.mdpi.com/journal/agronomy/special_issues/etiology_control_crop_diseases",10,0,0,2019-12-31,2020-02-24,"0,0,0,0",-55
"https://www.mdpi.com/journal/agronomy/special_issues/forage_grasses_genetics",15,6,0.4,2016-11-30,2017-02-28,"1,1,5,5",-90
"https://www.mdpi.com/journal/agronomy/special_issues/wild_crop_biocultural_agronomic_practices_food_security",19,2,0.105,2023-06-23,2023-06-12,"2,2,2,2,1,1,0,0,0,0",11
"https://www.mdpi.com/journal/agronomy/special_issues/advances_modelling_cropping_systems",10,0,0,2022-07-15,2022-08-03,"0,0",-19
"https://www.mdpi.com/journal/agronomy/special_issues/nutritional_quality_crops",7,0,0,2022-03-31,2021-11-08,"0,0,0,0",143
"https://www.mdpi.com/journal/agronomy/special_issues/agrochemicals_soil",8,1,0.125,2023-04-30,2023-04-28,"1,1,1,1",2
"https://www.mdpi.com/journal/agronomy/special_issues/46X51D2656",5,1,0.2,2024-06-25,2024-06-25,"0,0,1,1",0
"https://www.mdpi.com/journal/agronomy/special_issues/pathogens_crop",6,2,0.333,2023-02-28,2023-02-14,"1,1,1,1",14
"https://www.mdpi.com/journal/agronomy/special_issues/Nutrient_Recovery_Organic_Waste_Bio-based_Fertilizers",7,0,0,2021-09-16,2021-09-14,"0,0",2
"https://www.mdpi.com/journal/agronomy/special_issues/Crop_Model_Agro-Meteorology",6,3,0.5,2020-11-25,2020-09-01,"3,3,3,3",85
"https://www.mdpi.com/journal/agronomy/special_issues/Herbaceous_Crops_Cultivation",24,4,0.167,2020-12-31,2020-12-09,"4,4,2,2",22
"https://www.mdpi.com/journal/agronomy/special_issues/crop_domestication",6,2,0.333,2018-06-30,2018-10-07,"1,1,2,2",-99
"https://www.mdpi.com/journal/agronomy/special_issues/sustainable_viticulture_production",9,2,0.222,2021-06-30,2021-05-21,"1,1,1,1",40
"https://www.mdpi.com/journal/agronomy/special_issues/BX66ZG228B",7,1,0.143,2023-06-20,2023-06-07,"1,1,0,0,0,0,0,0",13
"https://www.mdpi.com/journal/agronomy/special_issues/Biological_Disease",6,0,0,2021-02-28,2021-04-15,"0,0",-46
"https://www.mdpi.com/journal/agronomy/special_issues/L0L9F21ZIB",14,1,0.071,2023-06-30,2023-08-06,"1,1",-37
"https://www.mdpi.com/journal/agronomy/special_issues/low_reactive_nitrogen",7,1,0.143,2023-03-31,2023-03-07,"1,1",24
"https://www.mdpi.com/journal/agronomy/special_issues/agronomy-food-security",12,0,0,2016-08-31,2016-09-11,"0,0,0,0",-11
"https://www.mdpi.com/journal/agronomy/special_issues/light_LED_crops_Physiological",11,1,0.091,2020-06-15,2020-06-16,"1,1",-1
"https://www.mdpi.com/journal/agronomy/special_issues/Stresses_Cellular_Morphological",5,1,0.2,2022-01-20,2022-06-13,"1,1",-144
"https://www.mdpi.com/journal/agronomy/special_issues/tedera_Agronomy",5,5,1,2023-04-30,2023-03-01,"5,5",60
"https://www.mdpi.com/journal/agronomy/special_issues/multispectral_agriculture",7,4,0.571,2022-09-01,2022-10-24,"3,3,1,1",-53
"https://www.mdpi.com/journal/agronomy/special_issues/soil_fertility_management_better_crop_production",15,0,0,2020-01-20,2020-05-16,"0,0,0,0",-117
"https://www.mdpi.com/journal/agronomy/special_issues/27NCIRQUGJ",2,1,0.5,2024-04-30,2024-02-16,"1,1",74
"https://www.mdpi.com/journal/agronomy/special_issues/molecular-marker",17,0,0,2020-07-31,2021-06-01,"0,0",-305
"https://www.mdpi.com/journal/agronomy/special_issues/wheat_breeding_procedures_strategies_series",8,1,0.125,2022-01-09,2022-01-31,"1,1,0,0",-22
"https://www.mdpi.com/journal/agronomy/special_issues/Agroecology_Horticulture",13,5,0.385,2023-04-15,2023-02-21,"4,4,1,1",53
"https://www.mdpi.com/journal/agronomy/special_issues/6YUE00NK81",4,0,0,2024-05-31,2024-02-18,"0,0",103
"https://www.mdpi.com/journal/agronomy/special_issues/drought_mechanism",9,0,0,2022-01-15,2022-01-13,"0,0",2
"https://www.mdpi.com/journal/agronomy/special_issues/biotic_abiotic_stress_responses_crop_plants",14,2,0.143,2018-08-01,2019-04-25,"1,1,1,1",-267
"https://www.mdpi.com/journal/agronomy/special_issues/J280001854",3,1,0.333,2024-06-30,2024-04-08,"1,1,0,0,0,0",83
"https://www.mdpi.com/journal/agronomy/special_issues/Memory_Prof_Yuan",37,10,0.27,2023-07-15,2023-09-07,"10,10",-54
"https://www.mdpi.com/journal/agronomy/special_issues/Storage_Techniques_Quality",21,4,0.19,2020-08-31,2020-10-05,"4,4,1,1",-35
"https://www.mdpi.com/journal/agronomy/special_issues/Tea_Agronomy",13,5,0.385,2022-12-31,2022-12-09,"2,2,1,1,3,3",22
"https://www.mdpi.com/journal/agronomy/special_issues/soil_anthropocene",14,0,0,2022-10-20,2022-12-09,"0,0,0,0,0,0,0,0",-50
"https://www.mdpi.com/journal/agronomy/special_issues/3UYEC66OYK",5,1,0.2,2024-04-30,2023-01-17,"1,1",469
"https://www.mdpi.com/journal/agronomy/special_issues/Hybrid_Breeding",5,1,0.2,2021-03-20,2021-03-30,"1,1,1,1,1,1",-10
"https://www.mdpi.com/journal/agronomy/special_issues/agricultural_greenhouse",15,5,0.333,2022-12-31,2022-12-29,"0,0,0,0,5,5",2
"https://www.mdpi.com/journal/agronomy/special_issues/XQS3IG6IKC",NA,NA,NA,NA,NA,NA,NA
"https://www.mdpi.com/journal/agronomy/special_issues/weed_pest_food",14,2,0.143,2023-02-28,2023-05-25,"2,2",-86
"https://www.mdpi.com/journal/agronomy/special_issues/plant_biostimulants",39,5,0.128,2020-03-16,2020-04-17,"5,5,5,5",-32
"https://www.mdpi.com/journal/agronomy/special_issues/DJ4B611XZW",14,3,0.214,2023-10-31,2023-10-28,"3,3,1,1",3
"https://www.mdpi.com/journal/agronomy/special_issues/Microbial_Diversity_Agroecosystems",5,1,0.2,2020-06-20,2020-06-19,"1,1",1
"https://www.mdpi.com/journal/agronomy/special_issues/Cereal_Fusarium",7,1,0.143,2020-11-20,2020-11-17,"0,0,1,1",3
"https://www.mdpi.com/journal/agronomy/special_issues/biochar_use_agronomic",5,0,0,2021-11-20,2021-10-04,"0,0,0,0",47
"https://www.mdpi.com/journal/agronomy/special_issues/pesticides_environment",6,0,0,2022-10-25,2022-10-20,"0,0",5
"https://www.mdpi.com/journal/agronomy/special_issues/physiology_stresses",12,2,0.167,2022-07-25,2022-08-07,"0,0,2,2",-13
"https://www.mdpi.com/journal/agronomy/special_issues/sustainability_rice_management_market",7,2,0.286,2022-12-15,2022-12-13,"2,2,2,2",2
"https://www.mdpi.com/journal/agronomy/special_issues/tillage_rotation",28,3,0.107,2023-07-31,2023-07-30,"1,1,1,1,1,1,0,0",1
"https://www.mdpi.com/journal/agronomy/special_issues/old_germplasm",11,2,0.182,2021-11-01,2021-10-20,"1,1,1,1",12
"https://www.mdpi.com/journal/agronomy/special_issues/VOET76PS13",10,3,0.3,2024-02-29,2024-05-09,"3,3",-70
"https://www.mdpi.com/journal/agronomy/special_issues/conservation_tillage_agro-ecosystems",9,0,0,2021-04-20,2021-04-23,"0,0,0,0,0,0,0,0",-3
"https://www.mdpi.com/journal/agronomy/special_issues/dryland_agriculture",6,2,0.333,2022-10-20,2022-10-20,"2,2",0
"https://www.mdpi.com/journal/agronomy/special_issues/74E5L79030",3,1,0.333,2024-05-31,2024-04-16,"1,1",45
"https://www.mdpi.com/journal/agronomy/special_issues/Artificially_Intelligent_Robotics",7,2,0.286,2021-03-01,2020-12-08,"2,2",83
"https://www.mdpi.com/journal/agronomy/special_issues/molecular_investigations_crop_plants",9,2,0.222,2023-01-31,2023-01-01,"2,2",30
"https://www.mdpi.com/journal/agronomy/special_issues/Gene_Expression_Regulation_during_Drought_and_Salt_Stress_in_Crop_Plants",11,1,0.091,2019-04-15,2019-03-26,"1,1",20
"https://www.mdpi.com/journal/agronomy/special_issues/photosynthetic_crops_environmental_change",5,1,0.2,2023-04-30,2023-05-17,"0,0,1,1",-17
"https://www.mdpi.com/journal/agronomy/special_issues/herbicide_resistance_weeds_environmental_concern",5,2,0.4,2023-04-30,2023-04-25,"1,1,2,2,1,1,0,0",5
"https://www.mdpi.com/journal/agronomy/special_issues/nutrient_recovery_sustainable_farming",5,1,0.2,2021-08-01,2021-09-23,"1,1,1,1",-53
"https://www.mdpi.com/journal/agronomy/special_issues/biochar-sustainable-resource",8,1,0.125,2012-12-01,2013-10-10,"1,1",-313
"https://www.mdpi.com/journal/agronomy/special_issues/biological_amendments_tolerance_crops",5,0,0,2021-06-20,2021-07-29,"0,0",-39
"https://www.mdpi.com/journal/agronomy/special_issues/breeding_crop_resilient_cropping",8,0,0,2024-07-15,2024-01-26,"0,0,0,0",171
"https://www.mdpi.com/journal/agronomy/special_issues/2X686TC9E4",4,1,0.25,2024-06-30,2024-05-18,"1,1",43
"https://www.mdpi.com/journal/agronomy/special_issues/molecularmarker_tech",7,0,0,2023-03-31,2023-03-03,"0,0",28
"https://www.mdpi.com/journal/agronomy/special_issues/soil_health_agroecosystems",5,0,0,2019-07-15,2019-07-30,"0,0,0,0",-15
"https://www.mdpi.com/journal/agronomy/special_issues/molecular_genetics_genomics_biotechnology_crop_plants_breeding_Series",11,0,0,2021-03-31,2021-03-12,"0,0",19
"https://www.mdpi.com/journal/agronomy/special_issues/2Z10529E3V",5,1,0.2,2024-04-30,2024-01-09,"1,1",112
"https://www.mdpi.com/journal/agronomy/special_issues/Specific-Nutrient",11,4,0.364,2021-03-15,2021-01-21,"4,4",53
"https://www.mdpi.com/journal/agronomy/special_issues/cell_wall_crop_plants",5,1,0.2,2022-06-25,2022-06-25,"1,1",0
"https://www.mdpi.com/journal/agronomy/special_issues/Legumesbreeding_production",14,5,0.357,2023-06-30,2023-07-14,"5,5,0,0,0,0",-14
"https://www.mdpi.com/journal/agronomy/special_issues/8YA3F7HEWR",3,0,0,2024-06-25,2024-03-08,"0,0,0,0",109
"https://www.mdpi.com/journal/agronomy/special_issues/agronomy-breeding-disease",5,0,0,2016-07-31,2016-03-15,"0,0,0,0,0,0",138
"https://www.mdpi.com/journal/agronomy/special_issues/rhizobial_symbiosis_crop_legumes",7,2,0.286,2022-05-01,2022-07-13,"1,1,2,2",-73
"https://www.mdpi.com/journal/agronomy/special_issues/systems_crop",16,2,0.125,2023-01-20,2023-01-17,"2,2,0,0",3
"https://www.mdpi.com/journal/agronomy/special_issues/Disease_Horticultural_Field",12,3,0.25,2020-08-15,2020-11-04,"2,2,1,1,0,0",-81
"https://www.mdpi.com/journal/agronomy/special_issues/2EOTFW8SL4",26,2,0.077,2023-07-25,2023-09-11,"2,2,0,0",-48
"https://www.mdpi.com/journal/agronomy/special_issues/agriculture_activities",11,3,0.273,2023-10-31,2023-10-16,"3,3",15
"https://www.mdpi.com/journal/agronomy/special_issues/soil_healthy_agroecosystem",21,1,0.048,2021-03-31,2021-03-30,"0,0,1,1",1
"https://www.mdpi.com/journal/agronomy/special_issues/sustainable_cropping_systems",18,2,0.111,2019-10-31,2019-11-25,"2,2",-25
"https://www.mdpi.com/journal/agronomy/special_issues/strategies_control_fusarium_head_blight_cereals",6,0,0,2022-04-30,2021-07-13,"0,0",291
"https://www.mdpi.com/journal/agronomy/special_issues/omics_biotechnology",12,1,0.083,2022-12-31,2022-12-27,"1,1,0,0,0,0",4
"https://www.mdpi.com/journal/agronomy/special_issues/cereal_starch",4,1,0.25,2017-12-31,2017-12-11,"1,1",20
"https://www.mdpi.com/journal/agronomy/special_issues/1Y2VD93002",7,1,0.143,2024-06-30,2024-04-26,"1,1,0,0",65
"https://www.mdpi.com/journal/agronomy/special_issues/2M878QVH49",3,0,0,2024-07-15,2024-06-11,"0,0,0,0",34
"https://www.mdpi.com/journal/agronomy/special_issues/Humic_Substances",22,2,0.091,2023-07-31,2023-08-13,"2,2",-13
"https://www.mdpi.com/journal/agronomy/special_issues/KHH791Z2G2",12,2,0.167,2023-06-30,2023-06-15,"2,2,1,1",15
"https://www.mdpi.com/journal/agronomy/special_issues/sustainability_agriculture_food",7,0,0,2023-01-31,2023-01-29,"0,0",2
"https://www.mdpi.com/journal/agronomy/special_issues/impact_biochar_compost_soil_quality_crop_yield",10,2,0.2,2021-04-01,2021-03-23,"2,2",9
"https://www.mdpi.com/journal/agronomy/special_issues/strategies_sugarcane",5,0,0,2022-04-15,2022-02-04,"0,0,0,0",70
"https://www.mdpi.com/journal/agronomy/special_issues/1LW2K078NI",3,1,0.333,2024-05-20,2023-11-16,"1,1,0,0,0,0",186
"https://www.mdpi.com/journal/agronomy/special_issues/precision_agriculture_sustainability",16,0,0,2020-08-01,2020-09-30,"0,0",-60
"https://www.mdpi.com/journal/agronomy/special_issues/crop_residues",9,2,0.222,2023-12-20,2023-12-31,"1,1,2,2",-11
"https://www.mdpi.com/journal/agronomy/special_issues/Soil_Invertebrates",10,1,0.1,2020-09-20,2020-05-22,"0,0,1,1",121
"https://www.mdpi.com/journal/agronomy/special_issues/Biocontrol_plant_Microorganisms",12,2,0.167,2013-09-01,2013-11-05,"2,2,2,2",-65
"https://www.mdpi.com/journal/agronomy/special_issues/weed-management",12,1,0.083,2013-05-01,2013-07-02,"1,1",-62
"https://www.mdpi.com/journal/agronomy/special_issues/allelopathy",10,2,0.2,2023-09-30,2023-10-09,"2,2,2,2",-9
"https://www.mdpi.com/journal/agronomy/special_issues/agricultural_sustainable_pattern",13,1,0.077,2020-12-31,2020-12-30,"1,1",1
"https://www.mdpi.com/journal/agronomy/special_issues/839ZNU9S9E",5,1,0.2,2024-04-30,2024-04-29,"1,1,1,1",1
"https://www.mdpi.com/journal/agronomy/special_issues/nanotechnology-agriculture",15,3,0.2,2020-04-30,2020-06-23,"2,2,1,1,1,1",-54
"https://www.mdpi.com/journal/agronomy/special_issues/light_growth",7,2,0.286,2022-08-31,2022-11-10,"2,2,2,2",-71
"https://www.mdpi.com/journal/agronomy/special_issues/sustainable_weed_management_biologicalprinciples",6,1,0.167,2023-01-31,2023-04-25,"1,1",-84
"https://www.mdpi.com/journal/agronomy/special_issues/16CP29PYXF",5,0,0,2024-02-29,2024-02-27,"0,0,0,0",2
"https://www.mdpi.com/journal/agronomy/special_issues/value_chains",7,1,0.143,2022-05-10,2022-01-13,"1,1",117
"https://www.mdpi.com/journal/agronomy/special_issues/S5N545G7XQ",6,3,0.5,2023-04-30,2023-04-26,"1,1,2,2,1,1",4
"https://www.mdpi.com/journal/agronomy/special_issues/global_endemic_flora_floriculture",5,0,0,2022-07-25,2022-07-12,"0,0,0,0,0,0",13
"https://www.mdpi.com/journal/agronomy/special_issues/Crop-Arid",13,0,0,2021-04-30,2021-07-05,"0,0",-66
"https://www.mdpi.com/journal/agronomy/special_issues/pgpr_plant_growth_promoting_rhizobacteria",5,0,0,2022-07-25,2022-06-20,"0,0",35
"https://www.mdpi.com/journal/agronomy/special_issues/microbe_mediated_mitigation",7,2,0.286,2023-03-20,2023-02-08,"2,2",40
"https://www.mdpi.com/journal/agronomy/special_issues/irrigation_management_precision",6,3,0.5,2022-05-31,2021-11-12,"0,0,0,0,0,0,1,1,0,0,3,3,0,0",200
"https://www.mdpi.com/journal/agronomy/special_issues/microbial_interactions_biofertilizers",2,1,0.5,2024-07-15,2024-03-27,"1,1",110
"https://www.mdpi.com/journal/agronomy/special_issues/Pretreatment_Bioconversion_Crop",15,1,0.067,2021-01-31,2021-02-05,"1,1",-5
"https://www.mdpi.com/journal/agronomy/special_issues/water_saving_agriculture",11,2,0.182,2023-12-31,2023-12-09,"0,0,1,1,1,1",22
"https://www.mdpi.com/journal/agronomy/special_issues/prediction_production_climate",10,2,0.2,2023-09-20,2023-04-27,"2,2,1,1,1,1,1,1",146
"https://www.mdpi.com/journal/agronomy/special_issues/Water_Precision",6,2,0.333,2022-09-25,2022-10-01,"2,2,0,0",-6
"https://www.mdpi.com/journal/agronomy/special_issues/Carbon_Nitrogen_Phosphorus_Cycling",11,1,0.091,2020-06-01,2020-08-05,"1,1",-65
"https://www.mdpi.com/journal/agronomy/special_issues/Manag_Soil_Organic_Carbon",11,2,0.182,2021-04-04,2022-01-14,"2,2",-285
"https://www.mdpi.com/journal/agronomy/special_issues/Quality_Crop",12,1,0.083,2022-10-01,2022-10-25,"0,0,0,0,0,0,1,1",-24
"https://www.mdpi.com/journal/agronomy/special_issues/YH3KUU7LPI",6,1,0.167,2024-06-20,2024-06-15,"0,0,1,1",5
"https://www.mdpi.com/journal/agronomy/special_issues/Phenotypic_Molecular_Fruit",7,1,0.143,2020-07-31,2020-07-31,"1,1",0
"https://www.mdpi.com/journal/agronomy/special_issues/TS29410019",12,6,0.5,2023-09-15,2023-06-29,"6,6",78
"https://www.mdpi.com/journal/agronomy/special_issues/Cacao",5,1,0.2,2022-03-31,2021-07-02,"1,1",272
"https://www.mdpi.com/journal/agronomy/special_issues/pgr",27,8,0.296,2020-11-15,2020-12-03,"8,8",-18
"https://www.mdpi.com/journal/agronomy/special_issues/novel_insecticide",9,2,0.222,2024-05-20,2023-04-27,"2,2,0,0",389
"https://www.mdpi.com/journal/agronomy/special_issues/table_grape",5,1,0.2,2022-05-15,2022-01-25,"1,1,1,1",110
"https://www.mdpi.com/journal/agronomy/special_issues/functional_genomics_crops",6,1,0.167,2021-05-25,2021-05-06,"0,0,1,1",19
"https://www.mdpi.com/journal/agronomy/special_issues/Ozone_Effects_Crop",5,2,0.4,2020-09-30,2020-09-30,"2,2",0
"https://www.mdpi.com/journal/agronomy/special_issues/genetics_grass",19,3,0.158,2023-06-30,2023-08-28,"1,1,2,2",-59
"https://www.mdpi.com/journal/agronomy/special_issues/74V2YU3EFW",9,2,0.222,2024-06-30,2024-05-14,"2,2,2,2,0,0,0,0",47
"https://www.mdpi.com/journal/agronomy/special_issues/bibliometric_studies",10,1,0.1,2021-06-30,2021-09-27,"1,1,1,1",-89
"https://www.mdpi.com/journal/agronomy/special_issues/plant_protection_equipment",14,7,0.5,2023-10-15,2023-06-21,"4,4,3,3,0,0",116
"https://www.mdpi.com/journal/agronomy/special_issues/photosynthetic_water_grasses",5,1,0.2,2020-09-30,2020-09-04,"0,0,0,0,0,0,1,1",26
"https://www.mdpi.com/journal/agronomy/special_issues/Crops_Climate_Change",5,0,0,2022-08-31,2022-08-30,"0,0",1
"https://www.mdpi.com/journal/agronomy/special_issues/ZO9U8MGP5V",6,1,0.167,2024-05-31,2024-04-23,"0,0,0,0,0,0,1,1",38
"https://www.mdpi.com/journal/agronomy/special_issues/agroecosystems_nutrient_transformation",5,2,0.4,2023-03-31,2023-03-17,"2,2,0,0",14
"https://www.mdpi.com/journal/agronomy/special_issues/Legume_Breeding_Climate",9,0,0,2021-02-20,2021-04-28,"0,0,0,0",-67
"https://www.mdpi.com/journal/agronomy/special_issues/LWSJ757X30",11,2,0.182,2024-06-30,2024-05-07,"1,1,1,1,1,1",54
"https://www.mdpi.com/journal/agronomy/special_issues/bioactive_compounds_cereal_grain_nutraceutical_health",7,0,0,2021-09-30,2021-08-27,"0,0,0,0",34
"https://www.mdpi.com/journal/agronomy/special_issues/cover_crop_soil_health",5,0,0,2021-05-21,2021-04-26,"0,0",25
"https://www.mdpi.com/journal/agronomy/special_issues/C83NE00447",5,3,0.6,2023-06-30,2023-12-19,"3,3",-172
"https://www.mdpi.com/journal/agronomy/special_issues/millet_archaeobotany_domestication_foodways",10,2,0.2,2023-11-20,2023-11-19,"1,1,1,1",1
"https://www.mdpi.com/journal/agronomy/special_issues/Phytochemicals_Series",6,1,0.167,2023-05-30,2023-02-03,"1,1,1,1",116
"https://www.mdpi.com/journal/agronomy/special_issues/Breeding_Production_Citrus",9,1,0.111,2020-12-15,2020-10-28,"0,0,1,1",48
"https://www.mdpi.com/journal/agronomy/special_issues/AgEng2020_conference",20,1,0.05,2022-05-31,2022-07-11,"1,1,0,0,0,0,0,0,0,0,0,0,0,0",-41
"https://www.mdpi.com/journal/agronomy/special_issues/pest_ecological",5,0,0,2022-05-31,2022-04-06,"0,0",55
"https://www.mdpi.com/journal/agronomy/special_issues/weed_manage",29,6,0.207,2020-01-31,2020-03-25,"3,3,0,0,3,3",-54
"https://www.mdpi.com/journal/agronomy/special_issues/photosynthesis_molecules",6,1,0.167,2022-08-28,2022-08-16,"1,1,0,0,0,0",12
"https://www.mdpi.com/journal/agronomy/special_issues/crop_harvest_compound",7,1,0.143,2023-09-30,2023-05-15,"0,0,1,1",138
"https://www.mdpi.com/journal/agronomy/special_issues/plant_allelopathy",9,7,0.778,2022-11-20,2022-10-13,"7,7",38
"https://www.mdpi.com/journal/agronomy/special_issues/Wild_Germplasm_Crop_Improv",6,1,0.167,2021-02-28,2021-02-28,"1,1",0
"https://www.mdpi.com/journal/agronomy/special_issues/Photovoltaics-Agriculture",12,2,0.167,2021-05-15,2021-06-26,"1,1,2,2",-42
"https://www.mdpi.com/journal/agronomy/special_issues/H7WC71I373",6,1,0.167,2024-05-31,2024-01-28,"1,1,0,0,0,0",124
"https://www.mdpi.com/journal/agronomy/special_issues/fruit_and_foliar_diseases",5,0,0,2021-10-31,2021-12-23,"0,0",-53
"https://www.mdpi.com/journal/agronomy/special_issues/Machine-Agriculture",16,1,0.062,2021-02-28,2021-02-27,"1,1,1,1,0,0",1
"https://www.mdpi.com/journal/agronomy/special_issues/breeding_yield_environment",6,0,0,2020-05-31,2020-09-10,"0,0",-102
"https://www.mdpi.com/journal/agronomy/special_issues/modernization_optimization_irrigation_systems",10,2,0.2,2023-06-30,2022-11-09,"2,2,0,0",233
"https://www.mdpi.com/journal/agronomy/special_issues/conservation_protected_agriculture_asia_latinamerica_europe",16,4,0.25,2023-01-20,2023-03-24,"0,0,3,3,1,1",-63
"https://www.mdpi.com/journal/agronomy/special_issues/cereals_grainlegumes",7,1,0.143,2023-07-31,2023-08-29,"0,0,1,1",-29
"https://www.mdpi.com/journal/agronomy/special_issues/semiochemicals_pest",6,0,0,2021-04-30,2021-04-30,"0,0,0,0",0
"https://www.mdpi.com/journal/agronomy/special_issues/saving_water",10,0,0,2023-11-30,2023-11-14,"0,0,0,0",16
"https://www.mdpi.com/journal/agronomy/special_issues/UF8592458E",5,2,0.4,2023-12-15,2023-09-10,"1,1,1,1",96
"https://www.mdpi.com/journal/agronomy/special_issues/management_environmental_maize_yield",12,2,0.167,2018-11-05,2018-11-14,"2,2,0,0",-9
"https://www.mdpi.com/journal/agronomy/special_issues/Water_Use_Vineyards",5,2,0.4,2022-07-15,2022-07-31,"2,2,0,0",-16
"https://www.mdpi.com/journal/agronomy/special_issues/W0EN964704",5,2,0.4,2023-04-30,2023-05-05,"1,1,1,1,0,0",-5
"https://www.mdpi.com/journal/agronomy/special_issues/soil_microorganisms_crop",6,0,0,2023-05-31,2023-06-22,"0,0",-22
"https://www.mdpi.com/journal/agronomy/special_issues/crop_adaptation_mitigation_stress_",6,1,0.167,2023-02-20,2023-02-20,"1,1",0
"https://www.mdpi.com/journal/agronomy/special_issues/molecular_genetic",7,1,0.143,2021-03-01,2021-08-04,"1,1,0,0",-156
"https://www.mdpi.com/journal/agronomy/special_issues/genetic_bioinformatics_crops",6,2,0.333,2022-02-28,2022-04-12,"2,2",-43
"https://www.mdpi.com/journal/agronomy/special_issues/Genetic_Disease_Crops",5,0,0,2020-12-31,2020-12-31,"0,0,0,0",0
"https://www.mdpi.com/journal/agronomy/special_issues/crop_domestication_evolution",7,1,0.143,2020-08-20,2019-11-07,"1,1,1,1,1,1",287
"https://www.mdpi.com/journal/agronomy/special_issues/nitrogen_farming",15,5,0.333,2023-06-30,2023-07-21,"3,3,2,2,1,1,0,0",-21
"https://www.mdpi.com/journal/agronomy/special_issues/improvement_of_crops",7,2,0.286,2022-02-15,2022-02-05,"1,1,1,1,1,1",10
"https://www.mdpi.com/journal/agronomy/special_issues/R93414033U",12,4,0.333,2023-09-30,2023-09-04,"3,3,3,3,2,2",26
"https://www.mdpi.com/journal/agronomy/special_issues/novel_approache_weed_management",13,5,0.385,2023-04-14,2023-03-10,"4,4,1,1,4,4",35
"https://www.mdpi.com/journal/agronomy/special_issues/Spectroscopy-Agriculture",9,3,0.333,2023-03-20,2023-07-24,"3,3,0,0",-126
"https://www.mdpi.com/journal/agronomy/special_issues/OV0LT9DKNZ",6,1,0.167,2024-04-10,2024-03-29,"1,1",12
"https://www.mdpi.com/journal/agronomy/special_issues/Genotype_Environment",14,0,0,2021-04-30,2021-04-30,"0,0,0,0,0,0",0
"https://www.mdpi.com/journal/agronomy/special_issues/circular_agriculture",10,2,0.2,2022-09-15,2022-09-08,"2,2,2,2",7
"https://www.mdpi.com/journal/agronomy/special_issues/Land_Management_Impacts",13,3,0.231,2022-03-31,2021-12-30,"1,1,2,2,0,0",91
"https://www.mdpi.com/journal/agronomy/special_issues/Growth_Regulators_Stress",5,0,0,2020-09-30,2020-11-12,"0,0",-43
"https://www.mdpi.com/journal/agronomy/special_issues/Root_Disease_pest_management",5,1,0.2,2021-03-31,2021-03-30,"1,1",1
"https://www.mdpi.com/journal/agronomy/special_issues/Landscape_Management_Impacts",5,2,0.4,2023-02-28,2022-11-30,"2,2,2,2,0,0",90
"https://www.mdpi.com/journal/agronomy/special_issues/Interdependent_Agricultural_Landscapes",10,1,0.1,2021-09-30,2021-06-24,"1,1",98
"https://www.mdpi.com/journal/agronomy/special_issues/Grazing_Rangelands",6,3,0.5,2022-12-20,2022-08-10,"1,1,2,2",132
"https://www.mdpi.com/journal/agronomy/special_issues/1951LE8139",1,0,0,2024-04-30,2024-03-29,"0,0,0,0",32
"https://www.mdpi.com/journal/agronomy/special_issues/wheat_quality",10,2,0.2,2022-05-10,2022-05-08,"2,2,0,0,0,0,1,1",2
"https://www.mdpi.com/journal/agronomy/special_issues/crop_breeding_tech",7,1,0.143,2011-11-30,2012-06-11,"0,0,0,0,1,1",-194
"https://www.mdpi.com/journal/agronomy/special_issues/efficiency_nitrogen",7,0,0,2016-01-31,2016-01-31,"0,0,0,0",0
"https://www.mdpi.com/journal/agronomy/special_issues/food_waste_sustainability",8,2,0.25,2023-10-30,2023-10-11,"2,2,2,2,1,1",19
"https://www.mdpi.com/journal/agronomy/special_issues/D3M5IOHG9U",10,2,0.2,2023-10-31,2023-10-14,"2,2,2,2",17
"https://www.mdpi.com/journal/agronomy/special_issues/remote-sensing-agriculture-models",6,1,0.167,2021-06-21,2021-06-20,"1,1",1
"https://www.mdpi.com/journal/agronomy/special_issues/Nitrogen_Agricultural_Environmental",5,0,0,2020-08-31,2020-02-19,"0,0",194
"https://www.mdpi.com/journal/agronomy/special_issues/biochar_residues_sustainable_farming_recultivation",15,0,0,2021-12-10,2021-11-30,"0,0",10
"https://www.mdpi.com/journal/agronomy/special_issues/coffee_rust_disease",9,0,0,2021-10-31,2021-12-30,"0,0",-60
"https://www.mdpi.com/journal/agronomy/special_issues/MAPs_connection",10,5,0.5,2022-02-28,2022-03-01,"4,4,1,1,2,2",-1
"https://www.mdpi.com/journal/agronomy/special_issues/Beneficial_Soil_Microorganism",7,0,0,2022-07-31,2022-06-05,"0,0,0,0",56
"https://www.mdpi.com/journal/agronomy/special_issues/ethnic_crops_us",5,3,0.6,2021-09-15,2021-12-09,"2,2,1,1",-85
"https://www.mdpi.com/journal/agronomy/special_issues/18CXERHXT7",10,1,0.1,2024-04-30,2023-12-27,"1,1,0,0",125
"https://www.mdpi.com/journal/agronomy/special_issues/52Y5ATIS0H",8,3,0.375,2024-01-31,2024-02-01,"3,3",-1
"https://www.mdpi.com/journal/agronomy/special_issues/79V5JUK03U",8,2,0.25,2024-02-29,2024-05-07,"2,2,0,0",-68
"https://www.mdpi.com/journal/agronomy/special_issues/microbial_crop_improvement",5,2,0.4,2022-01-31,2022-03-11,"0,0,2,2,0,0",-39
"https://www.mdpi.com/journal/agronomy/special_issues/agroecology_energy_food",5,1,0.2,2023-01-31,2022-12-29,"0,0,1,1,0,0,0,0",33
"https://www.mdpi.com/journal/agronomy/special_issues/computer_vision_crop_protection_agron",9,4,0.444,2023-12-20,2024-01-04,"3,3,1,1",-15
"https://www.mdpi.com/journal/agronomy/special_issues/biochar-organic-waste",9,1,0.111,2020-03-31,2020-03-27,"0,0,1,1",4
"https://www.mdpi.com/journal/agronomy/special_issues/5A2RVB0O9S",9,1,0.111,2023-08-31,2023-08-30,"1,1,0,0,0,0",1
"https://www.mdpi.com/journal/agronomy/special_issues/2PE08HQ07P",11,0,0,2023-12-31,2024-02-06,"0,0",-37
"https://www.mdpi.com/journal/agronomy/special_issues/3172Q0GI82",NA,NA,NA,NA,NA,NA,NA
"https://www.mdpi.com/journal/agronomy/special_issues/Cereal_Biofortification",6,2,0.333,2021-05-21,2021-05-20,"0,0,2,2",1
"https://www.mdpi.com/journal/agronomy/special_issues/Model_Genotype_Environment",5,1,0.2,2021-04-30,2021-04-24,"1,1,0,0",6
"https://www.mdpi.com/journal/agronomy/special_issues/0I15M0R36L",NA,NA,NA,NA,NA,NA,NA
"https://www.mdpi.com/journal/agronomy/special_issues/V4RV47A0HG",3,0,0,2024-04-30,2023-10-06,"0,0,0,0",207
"https://www.mdpi.com/journal/agronomy/special_issues/Fertilizer_Crop_Yield",14,4,0.286,2018-08-31,2019-01-21,"4,4",-143
"https://www.mdpi.com/journal/agronomy/special_issues/Abiotic_Stressors",7,0,0,2021-07-15,2021-07-12,"0,0,0,0",3
"https://www.mdpi.com/journal/agronomy/special_issues/TQ7BBQYQMG",6,0,0,2024-04-30,2024-04-30,"0,0,0,0,0,0,0,0,0,0,0,0",0
"https://www.mdpi.com/journal/agronomy/special_issues/biochar_agriculture_ecosystem",6,0,0,2022-11-20,2022-11-16,"0,0,0,0",4
"https://www.mdpi.com/journal/agronomy/special_issues/potato_breeding",8,3,0.375,2022-04-30,2022-05-07,"3,3,1,1",-7
"https://www.mdpi.com/journal/agronomy/special_issues/disease_management_strategies_fungicide_resistance",5,3,0.6,2023-07-31,2023-02-28,"3,3",153
"https://www.mdpi.com/journal/agronomy/special_issues/pathogenicity_fungus_crop",14,5,0.357,2024-01-25,2023-10-07,"0,0,5,5",110
"https://www.mdpi.com/journal/agronomy/special_issues/biochar_organic_amendments",25,2,0.08,2021-03-15,2021-03-18,"0,0,2,2",-3
"https://www.mdpi.com/journal/agronomy/special_issues/micropropagation_research",5,1,0.2,2022-12-01,2022-12-29,"1,1,1,1",-28
"https://www.mdpi.com/journal/agronomy/special_issues/S0Y2F3MBBR",2,0,0,2024-04-30,2024-05-14,"0,0,0,0",-14
"https://www.mdpi.com/journal/agronomy/special_issues/1380IK79B0",13,3,0.231,2023-12-15,2023-12-14,"2,2,1,1",1
"https://www.mdpi.com/journal/agronomy/special_issues/LQG307475Q",5,2,0.4,2023-12-31,2023-12-04,"1,1,1,1",27
"https://www.mdpi.com/journal/agronomy/special_issues/5008V9PXV7",2,0,0,2024-05-15,2024-03-15,"0,0",61
"https://www.mdpi.com/journal/agronomy/special_issues/E18K759IAF",5,0,0,2023-09-30,2023-06-30,"0,0,0,0,0,0",92
"https://www.mdpi.com/journal/agronomy/special_issues/1QZ6RQY5C9",2,0,0,2024-06-30,2024-06-25,"0,0",5
"https://www.mdpi.com/journal/agronomy/special_issues/Automation-Farming",8,3,0.375,2021-06-15,2021-01-15,"3,3",151
"https://www.mdpi.com/journal/agronomy/special_issues/route",7,0,0,2019-12-15,2020-10-02,"0,0",-292
"https://www.mdpi.com/journal/agronomy/special_issues/agroecology_organic_sustainable_agriculture",17,5,0.294,2020-07-25,2020-07-25,"2,2,1,1,4,4",0
"https://www.mdpi.com/journal/agronomy/special_issues/Crop_Physiological_stress",7,0,0,2021-08-31,2021-08-26,"0,0,0,0",5
"https://www.mdpi.com/journal/agronomy/special_issues/A7D6UWTI1R",11,2,0.182,2023-05-20,2023-07-19,"1,1,0,0,1,1",-60
"https://www.mdpi.com/journal/agronomy/special_issues/nutrient_use_efficiency",8,1,0.125,2021-07-30,2021-12-12,"1,1",-135
"https://www.mdpi.com/journal/agronomy/special_issues/Weed_Pesticide",5,1,0.2,2021-06-25,2021-06-10,"1,1,0,0",15
"https://www.mdpi.com/journal/agronomy/special_issues/9F30XL4Y6P",16,4,0.25,2024-03-31,2024-05-28,"4,4,1,1",-58
"https://www.mdpi.com/journal/agronomy/special_issues/memory_academician_zhuyingguo",11,4,0.364,2022-12-31,2022-11-24,"2,2,1,1,1,1",37
"https://www.mdpi.com/journal/agronomy/special_issues/nondestructive_quality_measurement_fruits_vegetables",6,0,0,2019-10-31,2019-11-13,"0,0,0,0",-13
"https://www.mdpi.com/journal/agronomy/special_issues/wheat_yield",3,2,0.667,2024-05-31,2023-07-02,"2,2,2,2",334
"https://www.mdpi.com/journal/agronomy/special_issues/Herbicide_Resist_Weed",11,2,0.182,2020-08-31,2020-09-10,"0,0,2,2,0,0",-10
"https://www.mdpi.com/journal/agronomy/special_issues/P6KL1UMJ35",1,0,0,2024-04-30,2024-02-19,"0,0,0,0",71
"https://www.mdpi.com/journal/agronomy/special_issues/temperature_resilient",20,2,0.1,2022-09-25,2022-09-23,"1,1,2,2,0,0,0,0",2
"https://www.mdpi.com/journal/agronomy/special_issues/Grazing_Grassland",5,0,0,2021-12-31,2022-01-24,"0,0",-24
"https://www.mdpi.com/journal/agronomy/special_issues/genetic_microbiota_crop",6,0,0,2022-10-20,2022-07-07,"0,0,0,0",105
"https://www.mdpi.com/journal/agronomy/special_issues/chromosome_plant_breeding",9,0,0,2020-07-20,2019-11-11,"0,0",252
"https://www.mdpi.com/journal/agronomy/special_issues/Biomass_Crop_Production",10,2,0.2,2020-10-25,2020-07-17,"2,2",100
"https://www.mdpi.com/journal/agronomy/special_issues/horticultural_genetics_biotechnology",8,0,0,2022-06-20,2022-03-30,"0,0",82
"https://www.mdpi.com/journal/agronomy/special_issues/Cropping-Systems",39,2,0.051,2023-05-15,2023-06-05,"0,0,2,2",-21
"https://www.mdpi.com/journal/agronomy/special_issues/Advances_Pesticide",13,3,0.231,2022-11-21,2022-10-26,"1,1,2,2",26
"https://www.mdpi.com/journal/agronomy/special_issues/micropropagation",6,1,0.167,2021-10-31,2021-10-29,"0,0,1,1",2
"https://www.mdpi.com/journal/agronomy/special_issues/living_soils",6,3,0.5,2022-09-30,2022-03-28,"1,1,1,1,1,1,1,1",186
"https://www.mdpi.com/journal/agronomy/special_issues/952PAE37N0",NA,NA,NA,NA,NA,NA,NA
"https://www.mdpi.com/journal/agronomy/special_issues/036ME3I51J",1,0,0,2024-04-30,2024-04-24,"0,0,0,0",6
"https://www.mdpi.com/journal/agronomy/special_issues/UMR27B975Y",7,1,0.143,2024-03-31,2024-05-06,"1,1",-36
"https://www.mdpi.com/journal/agronomy/special_issues/4995K005KG",6,2,0.333,2024-06-30,2024-02-15,"2,2,2,2",136
"https://www.mdpi.com/journal/agronomy/special_issues/phytoalexins_protection",17,4,0.235,2023-08-31,2023-08-08,"2,2,2,2",23
"https://www.mdpi.com/journal/agronomy/special_issues/integrated_weed_management_decision",15,3,0.2,2021-12-28,2022-02-07,"3,3,0,0,0,0,0,0,3,3",-41
"https://www.mdpi.com/journal/agronomy/special_issues/Agricultural_Wastes_Wastewater_Treatment",5,1,0.2,2021-05-31,2021-05-27,"1,1,1,1",4
"https://www.mdpi.com/journal/agronomy/special_issues/00HL35U8IA",10,0,0,2023-09-30,2023-07-20,"0,0",72
"https://www.mdpi.com/journal/agronomy/special_issues/plantaxonomy_floristic",13,4,0.308,2023-04-30,2023-02-09,"1,1,2,2,3,3,3,3",80
"https://www.mdpi.com/journal/agronomy/special_issues/70B2344027",9,5,0.556,2024-06-30,2024-04-11,"3,3,1,1,0,0,2,2",80
"https://www.mdpi.com/journal/agronomy/special_issues/Y59O7KD815",NA,NA,NA,NA,NA,NA,NA
"https://www.mdpi.com/journal/agronomy/special_issues/aromatic_plant",17,3,0.176,2023-04-30,2022-11-08,"1,1,2,2,0,0",173
"https://www.mdpi.com/journal/agronomy/special_issues/marker_yield",5,0,0,2014-12-01,2015-02-20,"0,0",-81
"https://www.mdpi.com/journal/agronomy/special_issues/Agricultural_Innovations",13,1,0.077,2021-07-01,2021-08-02,"1,1,0,0,1,1",-32
"https://www.mdpi.com/journal/agronomy/special_issues/arbuscular_mycorrhizal_symbiosis_crop",5,0,0,2020-11-20,2020-10-15,"0,0,0,0",36
"https://www.mdpi.com/journal/agronomy/special_issues/Medicinal_Aromatic_Plants_MAPs",13,4,0.308,2022-09-30,2022-10-14,"4,4,2,2",-14
"https://www.mdpi.com/journal/agronomy/special_issues/legumes_cultivars_genetic_improvements",13,1,0.077,2022-07-15,2022-07-16,"1,1",-1
"https://www.mdpi.com/journal/agronomy/special_issues/94NNV4V8FI",6,3,0.5,2024-03-31,2024-02-06,"2,2,1,1",54
"https://www.mdpi.com/journal/agronomy/special_issues/molecular_salt",5,1,0.2,2021-03-01,2020-12-10,"1,1",81
"https://www.mdpi.com/journal/agronomy/special_issues/agriculture_toxicological",5,0,0,2022-10-15,2022-12-11,"0,0",-57
"https://www.mdpi.com/journal/agronomy/special_issues/90D0A6ET1C",5,0,0,2024-05-31,2024-04-30,"0,0,0,0",31
"https://www.mdpi.com/journal/agronomy/special_issues/ricephysioecology_ricecultivation",12,2,0.167,2023-09-30,2024-04-28,"1,1,1,1",-211
"https://www.mdpi.com/journal/agronomy/special_issues/crop_drought",10,0,0,2022-03-31,2022-01-27,"0,0",63
"https://www.mdpi.com/journal/agronomy/special_issues/polyploids_crop",9,4,0.444,2021-11-30,2022-04-25,"3,3,1,1",-146
"https://www.mdpi.com/journal/agronomy/special_issues/durum_wheat_breeding_genetics",7,0,0,2020-05-31,2020-03-24,"0,0,0,0",68
"https://www.mdpi.com/journal/agronomy/special_issues/potential_neglected_species",9,3,0.333,2022-06-30,2023-01-09,"1,1,3,3",-193
"https://www.mdpi.com/journal/agronomy/special_issues/Cultivar_Pulses",12,4,0.333,2023-01-15,2023-01-13,"4,4",2
"https://www.mdpi.com/journal/agronomy/special_issues/medicinal_plants_research",9,0,0,2023-08-31,2023-08-29,"0,0,0,0,0,0",2
"https://www.mdpi.com/journal/agronomy/special_issues/irrigation_soil_management_orchard",6,2,0.333,2020-01-31,2020-02-10,"1,1,2,2",-10
"https://www.mdpi.com/journal/agronomy/special_issues/crop_powdery_mildew",7,3,0.429,2022-04-30,2022-06-16,"3,3,0,0",-47
"https://www.mdpi.com/journal/agronomy/special_issues/M08L0U3QIA",8,0,0,2024-06-20,2024-05-15,"0,0",36
"https://www.mdpi.com/journal/agronomy/special_issues/Woody_Crop",7,1,0.143,2022-08-25,2022-10-25,"1,1,0,0",-61
"https://www.mdpi.com/journal/agronomy/special_issues/rhizosphere_microorganism",6,1,0.167,2023-08-31,2023-10-12,"1,1",-42
"https://www.mdpi.com/journal/agronomy/special_issues/monitoring_control_smart_agriculture",8,2,0.25,2023-03-10,2022-12-27,"2,2",73
"https://www.mdpi.com/journal/agronomy/special_issues/Barley_Genetic_Resources",8,1,0.125,2022-10-20,2022-08-01,"0,0,0,0,1,1",80
"https://www.mdpi.com/journal/agronomy/special_issues/S4V18Z4926",5,1,0.2,2023-11-30,2023-11-30,"0,0,1,1,0,0,0,0",0
"https://www.mdpi.com/journal/agronomy/special_issues/Biostimulants_Physiological_Modulators",25,4,0.16,2022-05-31,2022-05-20,"4,4,3,3",11
"https://www.mdpi.com/journal/agronomy/special_issues/climatic_conditions",5,3,0.6,2023-03-31,2023-05-31,"3,3",-61
"https://www.mdpi.com/journal/agronomy/special_issues/20249T2X95",NA,NA,NA,NA,NA,NA,NA
"https://www.mdpi.com/journal/agronomy/special_issues/7AD5I5N0VF",NA,NA,NA,NA,NA,NA,NA
"https://www.mdpi.com/journal/agronomy/special_issues/new_phenotyping",10,6,0.6,2014-02-15,2014-04-29,"0,0,3,3,3,3,0,0",-73
"https://www.mdpi.com/journal/agronomy/special_issues/NFMH07U59G",5,1,0.2,2024-02-28,2024-04-23,"1,1,0,0",-55
"https://www.mdpi.com/journal/agronomy/special_issues/I882Y0S8Q2",2,0,0,2024-06-30,2024-04-02,"0,0",89
"https://www.mdpi.com/journal/agronomy/special_issues/plant_production_microorganism_potential",7,2,0.286,2022-12-15,2022-09-23,"2,2,0,0,0,0",83
"https://www.mdpi.com/journal/agronomy/special_issues/Plant_Performance_Crop_Management_Practices",9,0,0,2023-03-31,2023-02-18,"0,0,0,0",41
"https://www.mdpi.com/journal/agronomy/special_issues/cucurbitaceae_breeding",12,0,0,2020-11-15,2020-11-14,"0,0",1
"https://www.mdpi.com/journal/agronomy/special_issues/Grapevine_Water_Relations",6,1,0.167,2020-03-31,2020-07-10,"1,1",-101
"https://www.mdpi.com/journal/agronomy/special_issues/integrated_organic_agriculture",10,8,0.8,2022-08-10,2022-09-13,"8,8",-34
"https://www.mdpi.com/journal/agronomy/special_issues/plant_soil_microbe_interaction",5,0,0,2022-10-20,2022-08-22,"0,0,0,0",59
"https://www.mdpi.com/journal/agronomy/special_issues/postharvest_fruits",7,1,0.143,2022-09-30,2022-09-23,"1,1",7
"https://www.mdpi.com/journal/agronomy/special_issues/706UL4LHN8",NA,NA,NA,NA,NA,NA,NA
"https://www.mdpi.com/journal/agronomy/special_issues/24869MAA23",NA,NA,NA,NA,NA,NA,NA
"https://www.mdpi.com/journal/agronomy/special_issues/bionergy_perennial_grasses",6,2,0.333,2021-10-25,2022-02-15,"2,2,2,2",-113
"https://www.mdpi.com/journal/agronomy/special_issues/sensing_grassland_forage",5,1,0.2,2019-07-20,2019-09-19,"1,1,0,0",-61
"https://www.mdpi.com/journal/agronomy/special_issues/3UQW2811W9",3,1,0.333,2024-04-25,2023-11-12,"0,0,1,1",165
"https://www.mdpi.com/journal/agronomy/special_issues/Water_Conservation_Agronomy",13,0,0,2021-05-31,2021-08-10,"0,0",-71
"https://www.mdpi.com/journal/agronomy/special_issues/0L8SQ6MZEW",3,0,0,2024-04-30,2023-09-14,"0,0,0,0",229
"https://www.mdpi.com/journal/agronomy/special_issues/9CV6537R99",9,1,0.111,2024-03-31,2023-09-27,"0,0,1,1",186
"https://www.mdpi.com/journal/agronomy/special_issues/Grassland_Leys_Crop_Rotations",5,4,0.8,2021-12-31,2022-02-28,"4,4,0,0",-59
"https://www.mdpi.com/journal/agronomy/special_issues/ecological_pollinators",6,2,0.333,2022-09-20,2022-12-19,"2,2",-90
"https://www.mdpi.com/journal/agronomy/special_issues/rice_germplasm",9,1,0.111,2023-05-31,2023-04-12,"0,0,1,1",49
"https://www.mdpi.com/journal/agronomy/special_issues/4563R828K0",3,1,0.333,2024-06-15,2024-03-09,"1,1,0,0,0,0",98
"https://www.mdpi.com/journal/agronomy/special_issues/HJ2D3WN6Z0",10,0,0,2024-02-29,2024-04-26,"0,0,0,0",-57
"https://www.mdpi.com/journal/agronomy/special_issues/postharvest_vegetable_fruit",17,3,0.176,2021-03-31,2021-04-01,"3,3,2,2",-1
"https://www.mdpi.com/journal/agronomy/special_issues/Nematodes_Ecosystem_Performance",12,1,0.083,2022-09-15,2022-11-14,"1,1,0,0,0,0,0,0",-60
"https://www.mdpi.com/journal/agronomy/special_issues/allelochemicals",5,0,0,2021-10-15,2021-10-08,"0,0,0,0,0,0",7
"https://www.mdpi.com/journal/agronomy/special_issues/soilnutrients_plantgrowth",5,4,0.8,2022-06-01,2022-07-24,"2,2,2,2",-53
"https://www.mdpi.com/journal/agronomy/special_issues/fruit_tree_production_and_postharvest_management",9,2,0.222,2022-07-31,2022-07-29,"2,2,0,0",2
"https://www.mdpi.com/journal/agronomy/special_issues/Biofuels_Bioenergy",5,0,0,2021-05-31,2021-06-07,"0,0",-7
"https://www.mdpi.com/journal/agronomy/special_issues/planting_machinery_combine_harvester",10,4,0.4,2022-06-30,2022-06-16,"2,2,2,2",14
"https://www.mdpi.com/journal/agronomy/special_issues/M996YN3U81",NA,NA,NA,NA,NA,NA,NA
"https://www.mdpi.com/journal/agronomy/special_issues/BPCASX33TZ",25,3,0.12,2023-12-15,2023-12-06,"0,0,1,1,1,1,1,1",9
"https://www.mdpi.com/journal/agronomy/special_issues/advances_integrated_weed_management",6,2,0.333,2023-02-20,2022-12-01,"0,0,2,2",81
"https://www.mdpi.com/journal/agronomy/special_issues/climate-agriculture",6,0,0,2018-05-31,2018-10-14,"0,0,0,0",-136
"https://www.mdpi.com/journal/agronomy/special_issues/M0OSLUPV67",12,0,0,2024-03-20,2024-03-26,"0,0,0,0",-6
"https://www.mdpi.com/journal/agronomy/special_issues/new_plant_nutrition",12,4,0.333,2022-01-31,2022-01-31,"4,4,4,4",0
"https://www.mdpi.com/journal/agronomy/special_issues/recycling_byproduct",17,2,0.118,2021-12-31,2021-12-21,"1,1,2,2",10
"https://www.mdpi.com/journal/agronomy/special_issues/organicAmend_Agri",22,1,0.045,2023-02-28,2023-04-15,"1,1",-46
"https://www.mdpi.com/journal/agronomy/special_issues/Maize_Breeding",9,1,0.111,2020-12-15,2021-01-06,"1,1",-22
"https://www.mdpi.com/journal/agronomy/special_issues/wheat_breeding_procedures_strategies",11,3,0.273,2019-10-31,2020-02-14,"3,3",-106
"https://www.mdpi.com/journal/agronomy/special_issues/nitrogen_fertilization_vegetable_crops",16,2,0.125,2020-08-31,2020-08-18,"2,2,2,2,0,0",13
"https://www.mdpi.com/journal/agronomy/special_issues/Z773MVF13Z",11,1,0.091,2024-01-30,2024-02-27,"1,1",-28
"https://www.mdpi.com/journal/agronomy/special_issues/DP8E7DK5ZI",1,0,0,2024-05-31,2024-01-12,"0,0,0,0",140
"https://www.mdpi.com/journal/agronomy/special_issues/WD341PFOS5",5,0,0,2024-03-01,2024-02-05,"0,0",25
"https://www.mdpi.com/journal/agronomy/special_issues/olive_cultivation_ripening",5,1,0.2,2020-12-31,2021-01-20,"1,1",-20
"https://www.mdpi.com/journal/agronomy/special_issues/673CK4YJFK",10,2,0.2,2024-02-29,2023-12-22,"0,0,0,0,0,0,1,1,1,1",69
"https://www.mdpi.com/journal/agronomy/special_issues/CW9O25RWO7",7,4,0.571,2024-02-15,2023-10-14,"4,4",124
"https://www.mdpi.com/journal/agronomy/special_issues/sustainable_soil_plant",10,2,0.2,2021-04-10,2021-08-17,"2,2,2,2",-129
"https://www.mdpi.com/journal/agronomy/special_issues/genetics-legume",15,0,0,2020-06-30,2020-08-13,"0,0",-44
"https://www.mdpi.com/journal/agronomy/special_issues/plantmicrobes_symbiosis",6,4,0.667,2022-04-30,2022-05-13,"4,4,0,0,0,0,0,0",-13
"https://www.mdpi.com/journal/agronomy/special_issues/23XE3AXT74",12,1,0.083,2023-03-31,2023-02-15,"1,1,1,1",44
"https://www.mdpi.com/journal/agronomy/special_issues/Soil_Degradation_Prevention_Restoration",7,1,0.143,2021-02-28,2021-04-23,"1,1,1,1",-54
"https://www.mdpi.com/journal/agronomy/special_issues/QMUH6L819W",16,4,0.25,2024-05-20,2024-05-08,"4,4",12
"https://www.mdpi.com/journal/agronomy/special_issues/9WYEVYVBFB",6,1,0.167,2023-11-25,2023-11-27,"1,1,0,0,1,1",-2
"https://www.mdpi.com/journal/agronomy/special_issues/model_application_sustainable_agricultural_water",10,2,0.2,2019-09-30,2019-09-20,"2,2,0,0",10
"https://www.mdpi.com/journal/agronomy/special_issues/precision_agri_agronomy",14,2,0.143,2020-04-30,2020-04-06,"2,2,1,1,0,0",24
"https://www.mdpi.com/journal/agronomy/special_issues/Weed-Resistant",5,0,0,2021-06-30,2021-05-21,"0,0,0,0",40
"https://www.mdpi.com/journal/agronomy/special_issues/sustainable_management_utilization_permanent_grassland",9,1,0.111,2021-03-31,2021-01-31,"1,1",59
"https://www.mdpi.com/journal/agronomy/special_issues/5TGH4E5DDI",NA,NA,NA,NA,NA,NA,NA
"https://www.mdpi.com/journal/agronomy/special_issues/genetics_genomics_tomato_solanaceae",7,0,0,2018-11-30,2018-12-01,"0,0",-1
"https://www.mdpi.com/journal/agronomy/special_issues/8LKG2U2MH0",NA,NA,NA,NA,NA,NA,NA
"https://www.mdpi.com/journal/agronomy/special_issues/grapevine_soil_sustainable",7,2,0.286,2023-06-30,2024-02-19,"0,0,1,1,1,1",-234
"https://www.mdpi.com/journal/agronomy/special_issues/metabolism_crop",5,0,0,2021-03-31,2021-04-30,"0,0,0,0",-30
"https://www.mdpi.com/journal/agronomy/special_issues/Carbon_Food_Climate",13,2,0.154,2020-11-30,2021-01-22,"1,1,2,2",-53
"https://www.mdpi.com/journal/agronomy/special_issues/simulating_hydro_crop",6,2,0.333,2021-12-31,2021-12-17,"0,0,2,2,0,0",14
"https://www.mdpi.com/journal/agronomy/special_issues/agriculture_soil_climate",6,1,0.167,2021-06-15,2021-06-06,"1,1",9
"https://www.mdpi.com/journal/agronomy/special_issues/Fruit_Tree_Training",7,4,0.571,2021-07-31,2021-09-23,"0,0,3,3,1,1,3,3",-54
"https://www.mdpi.com/journal/agronomy/special_issues/Natural_Product_Plant",16,0,0,2020-12-31,2020-12-02,"0,0",29
"https://www.mdpi.com/journal/agronomy/special_issues/remote-sensing-agriculture-model",19,1,0.053,2019-05-31,2020-02-22,"1,1",-267
"https://www.mdpi.com/journal/agronomy/special_issues/7UEAEP273T",5,1,0.2,2024-02-15,2024-04-20,"1,1,0,0",-65
"https://www.mdpi.com/journal/agronomy/special_issues/Oilseed_Crops_Molecular",9,0,0,2023-04-30,2023-06-20,"0,0",-51
"https://www.mdpi.com/journal/agronomy/special_issues/soil_waste_fertilizer",7,1,0.143,2021-12-31,2021-11-26,"1,1",35
"https://www.mdpi.com/journal/agronomy/special_issues/ecological_management_pests",10,4,0.4,2022-12-31,2023-01-19,"3,3,3,3",-19
"https://www.mdpi.com/journal/agronomy/special_issues/11th_Iberian_Agroengineering_Congress",29,5,0.172,2022-05-31,2022-07-29,"1,1,1,1,3,3",-59
"https://www.mdpi.com/journal/agronomy/special_issues/biological_control_sustainable_food_production",7,1,0.143,2023-07-15,2023-08-15,"1,1,1,1",-31
"https://www.mdpi.com/journal/agronomy/special_issues/biocontrol_crop_protection",11,3,0.273,2021-09-30,2021-11-16,"3,3",-47
"https://www.mdpi.com/journal/agronomy/special_issues/Crop-Production",11,3,0.273,2021-01-31,2021-01-31,"2,2,1,1,0,0",0
"https://www.mdpi.com/journal/agronomy/special_issues/Grafting_Vegetable",14,5,0.357,2020-08-15,2020-08-15,"3,3,2,2,5,5",0
"https://www.mdpi.com/journal/agronomy/special_issues/5CKGXLXKE0",10,2,0.2,2023-09-20,2024-01-26,"2,2",-128
"https://www.mdpi.com/journal/agronomy/special_issues/Agriculture_Food_Sustainability",7,3,0.429,2022-11-30,2022-08-19,"2,2,1,1,0,0,2,2",103
"https://www.mdpi.com/journal/agronomy/special_issues/agricultural_products",10,3,0.3,2021-11-30,2021-11-30,"3,3",0
"https://www.mdpi.com/journal/agronomy/special_issues/abiotic_stress_genetic_technique_crop",6,1,0.167,2020-10-05,2020-09-11,"0,0,1,1",24
"https://www.mdpi.com/journal/agronomy/special_issues/genetic_resources_biotechnology",14,4,0.286,2023-03-31,2023-06-16,"3,3,0,0,1,1",-77
"https://www.mdpi.com/journal/agronomy/special_issues/R2ZCWQ40C3",11,0,0,2024-02-20,2023-12-08,"0,0,0,0,0,0",74
"https://www.mdpi.com/journal/agronomy/special_issues/strategizing_agricultural",13,2,0.154,2022-02-15,2022-02-08,"0,0,0,0,2,2",7
"https://www.mdpi.com/journal/agronomy/special_issues/Fruit_Postharvest_Physiology_Technology",5,2,0.4,2022-02-15,2021-09-28,"2,2,0,0",140
"https://www.mdpi.com/journal/agronomy/special_issues/X-rays_soil",5,1,0.2,2022-06-30,2022-07-01,"0,0,0,0,0,0,1,1,0,0",-1
"https://www.mdpi.com/journal/agronomy/special_issues/extraction_analysis_bioactive_compounds",16,1,0.062,2022-12-20,2022-12-18,"0,0,1,1",2
"https://www.mdpi.com/journal/agronomy/special_issues/composting_improving_soil",6,1,0.167,2022-09-15,2022-08-14,"1,1,0,0,1,1",32
"https://www.mdpi.com/journal/agronomy/special_issues/Weed_Population_Dynamics",8,2,0.25,2023-05-31,2022-12-23,"0,0,2,2",159
"https://www.mdpi.com/journal/agronomy/special_issues/fungal_disease_management",13,0,0,2022-01-31,2022-01-31,"0,0,0,0,0,0",0
"https://www.mdpi.com/journal/agronomy/special_issues/G79B9KI4T7",5,0,0,2023-09-30,2023-10-31,"0,0,0,0,0,0",-31
"https://www.mdpi.com/journal/agronomy/special_issues/organic_wastes",6,1,0.167,2022-02-20,2022-01-13,"1,1,1,1,1,1,1,1",38
"https://www.mdpi.com/journal/agronomy/special_issues/Recycling_Agricultural_Industrial_Municipal_Byproducts",3,1,0.333,2024-05-31,2023-06-09,"1,1,1,1",357
"https://www.mdpi.com/journal/agronomy/special_issues/71798MVW06",7,1,0.143,2024-05-15,2023-12-23,"0,0,1,1,0,0",144
"https://www.mdpi.com/journal/agronomy/special_issues/microorganisms_agriculture",14,3,0.214,2023-03-28,2023-02-15,"3,3,0,0",41
"https://www.mdpi.com/journal/agronomy/special_issues/agricultural_systems_adaptations",10,2,0.2,2022-12-31,2022-12-27,"1,1,0,0,2,2",4
"https://www.mdpi.com/journal/agronomy/special_issues/FIJ7Y4W655",7,1,0.143,2023-11-15,2024-04-04,"1,1,0,0",-141
"https://www.mdpi.com/journal/agronomy/special_issues/52E0YS2NC3",5,1,0.2,2024-03-31,2024-02-27,"1,1",33
"https://www.mdpi.com/journal/agronomy/special_issues/intelligent_equipment_agriculture",9,2,0.222,2023-02-15,2023-02-28,"0,0,2,2,0,0",-13
"https://www.mdpi.com/journal/agronomy/special_issues/Agricultural_Practices_Vegetable",7,3,0.429,2020-12-31,2020-11-07,"1,1,2,2",54
"https://www.mdpi.com/journal/agronomy/special_issues/Innovations_Agroecosystems",8,3,0.375,2023-01-30,2022-12-26,"3,3,1,1,0,0",35
"https://www.mdpi.com/journal/agronomy/special_issues/Fluid_Mechanics_Agricultural",6,1,0.167,2021-06-30,2021-08-27,"1,1",-58
"https://www.mdpi.com/journal/agronomy/special_issues/P2P458T69F",1,0,0,2024-06-30,2024-02-19,"0,0",132
"https://www.mdpi.com/journal/agronomy/special_issues/Smart_Farming_Modernizing_Agriculture",6,1,0.167,2021-12-20,2021-12-20,"1,1,0,0",0
"https://www.mdpi.com/journal/agronomy/special_issues/Coffee_1",19,6,0.316,2023-03-20,2023-05-10,"6,6,0,0,0,0",-51
"https://www.mdpi.com/journal/agronomy/special_issues/soil_properties_health",14,1,0.071,2020-11-25,2020-11-25,"1,1",0
"https://www.mdpi.com/journal/agronomy/special_issues/238O9714O9",11,1,0.091,2024-06-30,2024-06-17,"1,1",13
"https://www.mdpi.com/journal/agronomy/special_issues/remediation_sustainablity",21,4,0.19,2022-12-20,2022-11-24,"1,1,1,1,3,3",26
"https://www.mdpi.com/journal/agronomy/special_issues/256O90L0L3",6,1,0.167,2023-11-25,2023-11-27,"1,1,1,1",-2
"https://www.mdpi.com/journal/agronomy/special_issues/W16M15YPUA",5,1,0.2,2023-09-01,2023-08-27,"1,1,0,0,0,0",5
"https://www.mdpi.com/journal/agronomy/special_issues/Bio-Fertilizers",11,1,0.091,2022-10-15,2022-09-07,"1,1,0,0,1,1,1,1",38
"https://www.mdpi.com/journal/agronomy/special_issues/innovative-fertilizers",19,0,0,2021-02-15,2021-04-01,"0,0",-45
"https://www.mdpi.com/journal/agronomy/special_issues/iron_plant_nutrition_growth_metabolism",6,3,0.5,2020-10-31,2020-11-12,"3,3,0,0,1,1",-12
"https://www.mdpi.com/journal/agronomy/special_issues/ornamental_plant_breeding",9,3,0.333,2021-11-12,2022-01-21,"2,2,2,2",-70
"https://www.mdpi.com/journal/agronomy/special_issues/TFM5O877E5",NA,NA,NA,NA,NA,NA,NA
"https://www.mdpi.com/journal/agronomy/special_issues/Plasma_Pulsed",2,1,0.5,2024-06-30,2023-04-13,"0,0,1,1,0,0,0,0",444
"https://www.mdpi.com/journal/agronomy/special_issues/locusts_plague",20,7,0.35,2021-08-31,2021-10-30,"6,6,2,2",-60
"https://www.mdpi.com/journal/agronomy/special_issues/smart_management_conservative_agriculture",10,4,0.4,2019-10-20,2019-11-22,"3,3,4,4,3,3",-33
"https://www.mdpi.com/journal/agronomy/special_issues/water_usage_precision_irrigation",9,0,0,2021-02-19,2021-01-26,"0,0",24
"https://www.mdpi.com/journal/agronomy/special_issues/BZ7TCOHZGM",1,0,0,2024-05-31,2024-01-09,"0,0,0,0",143
"https://www.mdpi.com/journal/agronomy/special_issues/tillage_sowing",8,1,0.125,2022-06-20,2022-08-05,"1,1",-46
"https://www.mdpi.com/journal/agronomy/special_issues/Pollinator-Diversity",9,3,0.333,2020-12-31,2021-04-13,"3,3",-103
"https://www.mdpi.com/journal/agronomy/special_issues/heavy_metal_pollution",9,1,0.111,2021-04-30,2021-04-29,"1,1",1
"https://www.mdpi.com/journal/agronomy/special_issues/symbiotic_microbes_agronomical",9,0,0,2019-10-31,2019-10-08,"0,0",23
"https://www.mdpi.com/journal/agronomy/special_issues/agronomy-rhizosphere-soil",7,1,0.143,2016-03-31,2016-05-08,"1,1,0,0",-38
"https://www.mdpi.com/journal/agronomy/special_issues/crops_climatically_physiological_agronomic",8,0,0,2021-03-20,2021-05-20,"0,0",-61
"https://www.mdpi.com/journal/agronomy/special_issues/plant_micronutrient_homeostasis",9,0,0,2023-08-31,2023-01-04,"0,0,0,0",239
"https://www.mdpi.com/journal/agronomy/special_issues/agri_water_series2",13,0,0,2022-12-31,2023-03-02,"0,0",-61
"https://www.mdpi.com/journal/agronomy/special_issues/30OXQF042V",12,2,0.167,2023-12-31,2024-02-24,"1,1,1,1,1,1",-55
"https://www.mdpi.com/journal/agronomy/special_issues/automation_agricultural_system",16,5,0.312,2023-06-10,2023-06-08,"3,3,2,2,0,0",2
"https://www.mdpi.com/journal/agronomy/special_issues/Agricultural_Robotic_Vehicles",5,1,0.2,2021-07-30,2021-09-01,"1,1,0,0,0,0",-33
"https://www.mdpi.com/journal/agronomy/special_issues/Imaging_crops",7,0,0,2022-09-25,2022-09-16,"0,0,0,0",9
"https://www.mdpi.com/journal/agronomy/special_issues/mathematical_crop_ecology_disease",5,0,0,2019-11-20,2020-03-20,"0,0",-121
"https://www.mdpi.com/journal/agronomy/special_issues/OO85J01T54",5,0,0,2023-09-05,2023-08-10,"0,0,0,0,0,0",26
"https://www.mdpi.com/journal/agronomy/special_issues/R682V4ES89",6,1,0.167,2024-05-15,2024-01-26,"1,1,1,1",110
"https://www.mdpi.com/journal/agronomy/special_issues/mediterranean_olive_trees",9,2,0.222,2021-06-30,2021-12-16,"2,2",-169
"https://www.mdpi.com/journal/agronomy/special_issues/mineral_nutrition_fruit_trees",22,3,0.136,2021-02-28,2021-02-25,"2,2,2,2",3
"https://www.mdpi.com/journal/agronomy/special_issues/Flowering_Flower",11,1,0.091,2023-07-20,2023-11-01,"1,1,0,0",-104
"https://www.mdpi.com/journal/agronomy/special_issues/PEK0MFI7S7",7,0,0,2023-08-31,2023-10-27,"0,0,0,0,0,0",-57
"https://www.mdpi.com/journal/agronomy/special_issues/agronomy-nitrogen-assimilation",6,0,0,2016-01-31,2015-11-19,"0,0,0,0",73
"https://www.mdpi.com/journal/agronomy/special_issues/HBL2S5741N",6,0,0,2024-05-31,2024-03-07,"0,0",85
"https://www.mdpi.com/journal/agronomy/special_issues/9H976UHXUC",5,0,0,2023-05-31,2023-05-22,"0,0",9
"https://www.mdpi.com/journal/agronomy/special_issues/FR842980P6",10,2,0.2,2023-12-31,2024-02-06,"1,1,1,1,1,1",-37
"https://www.mdpi.com/journal/agronomy/special_issues/agronomy_production_food",6,0,0,2023-12-31,2023-07-13,"0,0,0,0",171
"https://www.mdpi.com/journal/agronomy/special_issues/sprouts_microgreens",10,3,0.3,2021-04-16,2021-05-10,"3,3,0,0,3,3",-24
"https://www.mdpi.com/journal/agronomy/special_issues/0KUOE551M3",7,3,0.429,2024-01-15,2024-03-08,"1,1,2,2",-53
"https://www.mdpi.com/journal/agronomy/special_issues/biofortification_tailored_crops_food",12,2,0.167,2021-04-09,2021-04-03,"0,0,1,1,0,0,1,1,0,0",6
"https://www.mdpi.com/journal/agronomy/special_issues/biofortification_crops",19,3,0.158,2019-10-01,2020-08-27,"1,1,0,0,0,0,2,2,0,0",-331
"https://www.mdpi.com/journal/agronomy/special_issues/mass_propagation",12,2,0.167,2021-03-31,2021-05-15,"2,2",-45
"https://www.mdpi.com/journal/agronomy/special_issues/Vegetable-Genetic",9,0,0,2023-02-15,2021-08-04,"0,0",560
"https://www.mdpi.com/journal/agronomy/special_issues/Oilseed-Crops",13,3,0.231,2020-12-31,2021-03-29,"3,3,1,1",-88
"https://www.mdpi.com/journal/agronomy/special_issues/31IH20M8UB",6,1,0.167,2024-04-20,2023-12-08,"1,1,1,1",134
"https://www.mdpi.com/journal/agronomy/special_issues/Image_Agriculture",15,1,0.067,2023-02-28,2023-02-28,"1,1",0
"https://www.mdpi.com/journal/agronomy/special_issues/agro-techniques_applications",5,0,0,2018-12-30,2019-01-11,"0,0,0,0,0,0",-12
"https://www.mdpi.com/journal/agronomy/special_issues/rice_genetics",8,1,0.125,2022-06-30,2021-11-10,"1,1,1,1",232
"https://www.mdpi.com/journal/agronomy/special_issues/abiotic_breeding_climate",17,0,0,2023-01-31,2023-02-17,"0,0",-17
"https://www.mdpi.com/journal/agronomy/special_issues/64O04LMG41",9,2,0.222,2024-02-10,2023-12-20,"1,1,1,1,0,0",52
"https://www.mdpi.com/journal/agronomy/special_issues/Crop_Adaptation_Climate",5,0,0,2022-10-15,2022-10-13,"0,0,0,0,0,0",2
"https://www.mdpi.com/journal/agronomy/special_issues/reprogress_silage",8,2,0.25,2022-12-15,2023-03-29,"0,0,2,2",-104
"https://www.mdpi.com/journal/agronomy/special_issues/7A98836601",4,0,0,2024-07-15,2024-04-11,"0,0,0,0,0,0",95
"https://www.mdpi.com/journal/agronomy/special_issues/Soil_Constraints_Water-Limited",7,0,0,2021-03-31,2021-08-18,"0,0,0,0",-140
"https://www.mdpi.com/journal/agronomy/special_issues/breeding_genetics_forage_turf",7,0,0,2021-05-15,2021-09-28,"0,0",-136
"https://www.mdpi.com/journal/agronomy/special_issues/9I50432242",NA,NA,NA,NA,NA,NA,NA
"https://www.mdpi.com/journal/agronomy/special_issues/5645O45TOP",2,1,0.5,2024-05-25,2024-03-10,"1,1",76
"https://www.mdpi.com/journal/agronomy/special_issues/microbial_control_of_crop_diseases",7,1,0.143,2022-04-30,2022-07-01,"1,1",-62
"https://www.mdpi.com/journal/agronomy/special_issues/grassland_management_sustainable_agroecosystems",15,2,0.133,2019-03-31,2019-07-03,"2,2,0,0",-94
"https://www.mdpi.com/journal/agronomy/special_issues/02I2L4RDJ0",10,3,0.3,2023-12-31,2023-12-05,"2,2,1,1,1,1",26
"https://www.mdpi.com/journal/agronomy/special_issues/Hormone_Signaling_Regulation",5,3,0.6,2020-10-15,2020-10-15,"3,3",0
"https://www.mdpi.com/journal/agronomy/special_issues/1R6N8HYB70",12,0,0,2024-06-30,2023-11-21,"0,0,0,0",222
"https://www.mdpi.com/journal/agronomy/special_issues/organic_conventional_cropping_systems",19,1,0.053,2020-12-31,2020-12-31,"1,1,1,1",0
"https://www.mdpi.com/journal/agronomy/special_issues/increasing_agricultural_water_productivity_changing_environment",10,0,0,2019-08-31,2019-10-15,"0,0,0,0",-45
"https://www.mdpi.com/journal/agronomy/special_issues/plant_pathology_horticultural_floricultural_crops",6,1,0.167,2022-01-15,2021-09-30,"1,1,0,0",107
"https://www.mdpi.com/journal/agronomy/special_issues/Pest_Management_Agricultural",8,0,0,2019-11-30,2020-03-03,"0,0",-94
"https://www.mdpi.com/journal/agronomy/special_issues/Horticultural_Medicinal_Plants_Cultivation",16,0,0,2022-05-31,2022-07-26,"0,0",-56
"https://www.mdpi.com/journal/agronomy/special_issues/mineral_agriculture",10,1,0.1,2023-06-15,2023-06-15,"1,1,1,1,0,0",0
"https://www.mdpi.com/journal/agronomy/special_issues/Agricultural_Soils_Biodiversity_Protection",6,0,0,2022-12-30,2021-08-13,"0,0,0,0,0,0",504
"https://www.mdpi.com/journal/agronomy/special_issues/machine_digital_agriculture",6,0,0,2023-03-01,2023-03-15,"0,0,0,0,0,0",-14
"https://www.mdpi.com/journal/agronomy/special_issues/viticulture_winemaking_climate_change",16,1,0.062,2019-06-30,2019-09-30,"1,1",-92
"https://www.mdpi.com/journal/agronomy/special_issues/crop_production_and_animal_husbandry",10,0,0,2023-12-31,2023-09-23,"0,0,0,0,0,0,0,0",99
"https://www.mdpi.com/journal/agronomy/special_issues/Crop_Fertilizer",20,1,0.05,2023-03-10,2023-11-07,"1,1,1,1,1,1",-242
"https://www.mdpi.com/journal/agronomy/special_issues/pest_disease_mushroom_vegetable_crop",15,2,0.133,2022-01-15,2021-12-30,"2,2,1,1",16
"https://www.mdpi.com/journal/agronomy/special_issues/Cropping_Systems_Climate",5,1,0.2,2022-09-25,2022-09-01,"1,1",24
"https://www.mdpi.com/journal/agronomy/special_issues/deep_learning_smart_agriculture",14,2,0.143,2022-08-20,2022-09-08,"2,2,0,0,0,0",-19
"https://www.mdpi.com/journal/agronomy/special_issues/soil_microbes_nutrient_recycling_agroecosystems",6,2,0.333,2021-06-15,2021-07-19,"2,2",-34
"https://www.mdpi.com/journal/agronomy/special_issues/intercropping_systems_agriculture",13,1,0.077,2024-05-20,2024-05-09,"1,1",11
"https://www.mdpi.com/journal/agronomy/special_issues/1Q7ZKO544V",7,0,0,2024-05-30,2024-05-31,"0,0",-1
"https://www.mdpi.com/journal/agronomy/special_issues/Postharvest_Physiology_Ornamentals",9,1,0.111,2020-12-20,2020-12-18,"1,1,1,1",2
"https://www.mdpi.com/journal/agronomy/special_issues/vegetables_breeding",7,1,0.143,2022-12-31,2022-12-29,"0,0,0,0,1,1,0,0",2
"https://www.mdpi.com/journal/agronomy/special_issues/strategizing_agricultural_II",10,0,0,2022-08-31,2022-08-30,"0,0,0,0,0,0",1
"https://www.mdpi.com/journal/agronomy/special_issues/48HQ01Z0QU",5,2,0.4,2024-02-29,2024-02-22,"1,1,0,0,1,1",7
